week,weekday,year,month,day,total_fee,total_received_satoshi,total_sent_satoshi,mean_fee_satoshi,mean_feeUSD,mean_fee_for100,nb_transactions,nb_payments,mean_nb_inputs,mean_nb_outputs,nb_mining,total_mining_satoshi,newly_created_coins,self_spent_satoshi,total_received,volume_without_self,xxxx,original order
0,0,2015,1,2,1159934218,73370568521080,72955568521080,14978.682808404,4732405.83204927,0.778933072075665,77439,257633,2.71555676080528,3.32691537855602,166,416159934218,415000000000,4316724676318,73370568521080,69053843844762,xxxx,1
0,1,2015,1,3,1196476043,82635189454578,82220189454578,14304.3857658649,4086009.19509085,0.797419476345204,83644,295618,2.78188513222706,3.53424035196786,166,416196476043,415000000000,5584584356557,82635189454578,77050605098021,xxxx,2
0,2,2015,1,4,2159195328,115159442449532,114726942449532,25138.1990150536,6619756.73033024,0.899053964107506,85893,280288,2.77013260684806,3.26322284703061,173,434659195328,432500000000,6554587956125,115159442449532,108604854493407,xxxx,3
0,3,2015,1,5,1608443040,112439228285641,112051728285641,16955.6096223989,4662857.90162104,0.898594473661265,94862,286552,2.95447070481331,3.02072484240265,155,389108443040,387500000000,5063695492444,112439228285641,107375532793197,xxxx,4
0,4,2015,1,6,1296373032,118260758863552,117868258863552,14667.1761591202,4217539.59418497,0.741385375264027,88386,252571,2.86959473219741,2.85759056864209,157,393796373032,392500000000,4026430543611,118260758863552,114234328319941,xxxx,5
0,5,2015,1,7,1307962748,124387823004904,124030323004904,14264.5866969125,4244221.68993154,0.665023139528549,91693,246623,2.68665001690423,2.68966006129148,143,358807962748,357500000000,6414996545605,124387823004904,117972826459299,xxxx,6
0,6,2015,1,8,1535684256,145126114507155,144768614507155,14762.0784204405,4197484.44549698,0.770575045726559,104029,291711,2.67113977833104,2.80413154024359,143,359035684256,357500000000,5484939857460,145126114507155,139641174649695,xxxx,7
1,0,2015,1,9,1562263214,122351163419729,121993663419729,15268.852820157,4466156.62785201,0.754972399732514,102317,306969,2.74232043550925,3.00017592384452,143,359062263214,357500000000,3433889725446,122351163419729,118917273694283,xxxx,8
1,1,2015,1,10,1560883410,100250789718006,99878289718006,14557.4920258902,4021223.67765965,0.808322958549113,107222,380877,2.61092872731342,3.55222808751935,149,374060883410,372500000000,8908918486853,100250789718006,91341871231153,xxxx,9
1,2,2015,1,11,1349891590,123607497053331,123232497053331,15010.6371693225,4034191.67003271,1.05628835992238,89929,299794,2.75783117792926,3.33367434309288,150,376349891590,375000000000,19626426132207,123607497053331,103981070921124,xxxx,10
1,3,2015,1,12,3251351587,101188134963199,100828134963199,33531.5332185141,9007147.17109548,0.790209838778605,96964,264252,2.69150406336372,2.72525885895796,144,363251351587,360000000000,6972929149508,101188134963199,94215205813691,xxxx,11
1,4,2015,1,13,1553924684,173353096901591,173043096901591,15050.8468594121,3373017.05429387,0.695028267598787,103245,304639,3.01783137197927,2.95064167756308,124,311553924684,310000000000,11573372602202,173353096901591,161779724299389,xxxx,12
1,5,2015,1,14,1562867734,245038852030305,244658852030305,14773.8617019265,2594846.1565317,0.528282141462315,105786,309051,2.95647817291513,2.92147354092224,152,381562867734,380000000000,15476836025254,245038852030305,229562016005051,xxxx,13
1,6,2015,1,15,1702834427,257739168163721,257386668163721,14299.9196086664,3036459.55335091,0.458950247219592,119080,337522,2.62485723883104,2.83441383943567,141,354202834427,352500000000,13137988310061,257739168163721,244601179853660,xxxx,14
2,0,2015,1,16,1475460920,195958194248624,195595694248624,13997.6180176078,2905838.3138296,0.577457152087185,105408,302610,2.59555251973285,2.87084471766849,145,363975460920,362500000000,6269542112847,195958194248624,189688652135777,xxxx,15
2,1,2015,1,17,1246989636,114527918738773,114187918738773,14182.5853691825,2834032.64628612,0.763560628846047,87924,352183,2.81244028934079,4.00553887448251,136,341246989636,340000000000,7789023442616,114527918738773,106738895296157,xxxx,16
2,2,2015,1,18,1454716293,98158609567737,97766109567737,16989.5857820237,3587054.11315414,0.888068036622612,85624,297989,2.87012987012987,3.48020414836962,157,393954716293,392500000000,3790483177449,98158609567737,94368126390288,xxxx,17
2,3,2015,1,19,1424069555,97675247922648,97322747922648,14749.0969208621,3199000.95188414,0.809050837252159,96553,292131,2.96304620260375,3.02560251882386,141,353924069555,352500000000,3714030329390,97675247922648,93961217593258,xxxx,18
2,4,2015,1,20,1471337146,144045762664281,143740762664281,14475.8232012672,3067714.33632942,0.762457622323285,101641,293244,2.70784427544003,2.88509558150746,122,306471337146,305000000000,4999579351375,144045762664281,139046183312906,xxxx,19
2,5,2015,1,21,1338458600,137830275532309,137465275532309,13856.396293804,3157930.92403877,0.646053714022695,96595,270611,2.74061804441224,2.80150111289404,146,366338458600,365000000000,8117972964557,137830275532309,129712302567752,xxxx,20
2,6,2015,1,22,1343459442,126767131617768,126422131617768,14269.3514816782,3333996.55612858,0.694609298424962,94150,264030,2.90959107806691,2.80435475305364,138,346343459442,345000000000,8307707809839,126767131617768,118459423807929,xxxx,21
3,0,2015,1,23,1330771770,101010149044961,100707649044961,14897.0880209558,3473000.6276458,0.671089367634913,89331,249486,2.61628102226551,2.79282667830876,121,303830771770,302500000000,3692479750282,101010149044961,97317669294679,xxxx,22
3,1,2015,1,24,1193987290,122288538566040,121966038566040,13813.5416955898,3440706.30385457,0.848110024326578,86436,252353,2.8235573140821,2.9195358415475,129,323693987290,322500000000,4499915220926,122288538566040,117788623345114,xxxx,23
3,2,2015,1,25,1313613049,93088609618332,92778609618332,15332.5129734462,3902399.73855804,0.995484893722593,85675,397395,3.06309892033849,4.63840093376131,124,311313613049,310000000000,2431852223382,93088609618332,90656757394950,xxxx,24
3,3,2015,1,26,1606580369,210373283143109,210050783143109,14868.0348060265,4073131.51637489,0.823232514897572,108056,310069,2.97517953653661,2.86952135929518,129,324106580369,322500000000,5919000865701,210373283143109,204454282277408,xxxx,25
3,4,2015,1,27,1383680467,116040183531931,115677683531931,14168.9242545261,3751276.85221339,0.803570442027314,97656,278811,2.91189481445072,2.85503194888179,145,363883680467,362500000000,7388790263231,116040183531931,108651393268700,xxxx,26
3,5,2015,1,28,1184132879,93681443474752,93273943474752,13624.1903375751,3211710.04118923,0.87668700234126,86914,223167,2.64150769726396,2.56767609360977,163,408684132879,407500000000,3628451018518,93681443474752,90052992456234,xxxx,27
3,6,2015,1,29,1227589088,100555742071392,100143242071392,13424.7838848669,3140827.14983722,0.888399638008106,91442,248789,2.5116357909932,2.72073008026946,165,413727589088,412500000000,7489596448927,100555742071392,93066145622465,xxxx,28
4,0,2015,1,30,1130386670,86848418527541,86493418527541,13826.8524702457,3164913.97709338,0.661423644147573,81753,241361,2.65486281848984,2.95231979254584,142,356130386670,355000000000,8429240259787,86848418527541,78419178267754,xxxx,29
4,1,2015,1,31,1238050424,78634836176288,78229836176288,14432.5199225945,3136650.61536146,1.21494141805111,85782,328450,2.86544962812711,3.8288918421114,162,406238050424,405000000000,7205077481671,78634836176288,71429758694617,xxxx,30
4,2,2015,2,1,1117805117,78132803308010,77742803308010,14171.3166789219,3218466.14633858,1.25828100282279,78878,279929,2.88853672760466,3.54888562083217,156,391117805117,390000000000,6878467212048,78132803308010,71254336095962,xxxx,31
4,3,2015,2,2,1244509220,97645553357097,97260553357097,14499.8685758893,3481308.58443604,0.897222269402025,85829,245099,2.85797341224994,2.85566649966794,154,386244509220,385000000000,7109241722997,97645553357097,90536311634100,xxxx,32
4,4,2015,2,3,1304816036,129693302609742,129360802609742,14275.7304187044,3251664.48040615,0.713532217776147,91401,264850,2.8467631645168,2.89767070382162,133,333804816036,332500000000,8230494019540,129693302609742,121462808590202,xxxx,33
4,5,2015,2,4,1256868343,122316030813387,121921030813387,13799.6085090031,3129490.73882169,0.619958330293294,91080,265745,2.69671717171717,2.91770970575318,158,396256868343,395000000000,9703467832856,122316030813387,112612562980531,xxxx,34
4,6,2015,2,5,1225818354,123740708515426,123343208515426,13986.4946886802,3035225.32843097,0.623338954607748,87643,240973,2.79271590429355,2.74948370092306,159,398725818354,397500000000,8140601503385,123740708515426,115600107012041,xxxx,35
5,0,2015,2,6,1153055237,97014243169415,96586743169415,13652.2482743106,3040696.67207999,0.722751881092783,84459,267788,2.62020625392202,3.1706271682118,171,428653055237,427500000000,8721590579195,97014243169415,88292652590220,xxxx,36
5,1,2015,2,7,1178838301,63824968554434,63419968554434,13816.3463233398,3159067.86226643,0.859543228748319,85322,234436,2.68188743817538,2.74766179883266,162,406178838301,405000000000,6656495164374,63824968554434,57168473390060,xxxx,37
5,2,2015,2,8,1191299150,63987782251136,63657782251136,14235.0056160979,3189153.71240854,1.3921657627636,83688,387803,2.97379552624032,4.63391406175318,132,331191299150,330000000000,7982127968155,63987782251136,56005654282981,xxxx,38
5,3,2015,2,9,1481855748,86590988973302,86180988973302,14191.3019344953,3132992.42496047,1.10989970759002,104420,297597,2.86971844474239,2.85,164,411481855748,410000000000,10064763327629,86590988973302,76526225645673,xxxx,39
5,4,2015,2,10,1423113269,82589195182715,82234195182715,13913.7598283161,3073384.69444256,0.941773887132324,102281,292378,2.77825793646914,2.85857588408404,142,356423113269,355000000000,8778660739695,82589195182715,73810534443020,xxxx,40
5,5,2015,2,11,1441713180,88705397495209,88307897495209,14763.4831138509,3240523.58162054,0.984758944505095,97654,288881,2.84802465848813,2.95820959714912,159,398941713180,397500000000,9652947498666,88705397495209,79052449996543,xxxx,41
5,6,2015,2,12,1289897424,75571447050724,75261447050724,14446.3195242415,3215508.36503361,0.851780956195684,89289,323963,2.7883389891252,3.62825208032344,124,311289897424,310000000000,7077308746686,75571447050724,68494138304038,xxxx,42
6,0,2015,2,13,1718872124,102881008530418,102521008530418,15290.1440529457,3616965.43537984,1.23513982093293,112417,510349,2.96423138849106,4.53978490797655,144,361718872124,360000000000,10016035992709,102881008530418,92864972537709,xxxx,43
6,1,2015,2,14,1527536330,71105282772002,70705282772002,15202.240523084,3916517.92643234,1.41864470817104,100481,344137,3.40353897751814,3.42489624904211,160,401527536330,400000000000,6461491578441,71105282772002,64643791193561,xxxx,44
6,2,2015,2,15,1361600276,73198889887384,72848889887384,16305.6137476798,3822782.66943358,1.41484605128996,83505,430665,3.69224597329501,5.15735584695527,140,351361600276,350000000000,6052304920143,73198889887384,67146584967241,xxxx,45
6,3,2015,2,16,1550387311,74080992833095,73685992833095,14653.6673314304,3444873.84823601,1.06999256667624,105802,364098,3.0691291279938,3.44131490898093,158,396550387311,395000000000,7460880528475,74080992833095,66620112304620,xxxx,46
6,4,2015,2,17,1596604979,80362976885938,79990476885938,15440.605968879,3766053.32724627,1.16297057903806,103403,416003,3.04555960658782,4.02312312021895,149,374096604979,372500000000,7048408139656,80362976885938,73314568746282,xxxx,47
6,5,2015,2,18,1452450629,83722532001630,83320032001630,14262.7841999313,3365949.26962087,0.989965669200836,101835,298548,2.91237786615604,2.93168360583297,161,403952450629,402500000000,8506252433939,83722532001630,75216279567691,xxxx,48
6,6,2015,2,19,1386221713,72688929477800,72268929477800,14339.136820655,3468239.31283793,0.829770149124306,96674,272167,2.78491631669322,2.81530711463268,168,421386221713,420000000000,6640236660201,72688929477800,66048692817599,xxxx,49
7,0,2015,2,20,1491995408,77469954907914,77074954907914,15375.372616913,3775127.16709672,0.859620259897328,97038,286221,3.14161462519838,2.9495764545848,158,396491995408,395000000000,5670401052172,77469954907914,71799553855742,xxxx,50
7,1,2015,2,21,1316539778,64024006258565,63676506258565,14608.0930495761,3587689.24208411,0.963660543537023,90124,338427,3.22864053970086,3.75512627047179,139,348816539778,347500000000,7405939586448,64024006258565,56618066672117,xxxx,51
7,2,2015,2,22,1236067581,47030007678472,46642507678472,14566.8208237582,3447830.64726044,1.01186363207267,84855,316568,3.10061870249249,3.73069353603205,155,388736067581,387500000000,5689623573231,47030007678472,41340384105241,xxxx,52
7,3,2015,2,23,1451088307,81983933931943,81628933931943,14334.0014915937,3426772.75119313,1.0543673594336,101234,311923,2.82735049489302,3.08120789458087,142,356451088307,355000000000,8439046719190,81983933931943,73544887212753,xxxx,53
7,4,2015,2,24,1430786821,74273165932385,73953165932385,13731.0277348586,3293651.60639473,0.750063044050876,104201,279785,2.69264210516214,2.68505100718803,128,321430786821,320000000000,6705721839412,74273165932385,67567444092973,xxxx,54
7,5,2015,2,25,1520835212,81575263442356,81172763442356,14385.6375107597,3427178.49410193,0.902769985884618,105719,290535,2.71290874866391,2.74818150001419,161,404020835212,402500000000,6632463590486,81575263442356,74942799851870,xxxx,55
7,6,2015,2,26,1407815197,108967044940502,108604544940502,14040.1032900839,3328127.86900031,0.768771862089021,100271,273365,2.75009723648911,2.72626183043951,145,363907815197,362500000000,8491667543387,108967044940502,100475377397115,xxxx,56
8,0,2015,2,27,1451898969,159296053494642,158906053494642,14222.4515746682,3628385.99425575,0.740246372968415,102085,287792,2.85723661654504,2.81914091198511,156,391451898969,390000000000,7308489525444,159296053494642,151987563969198,xxxx,57
8,1,2015,2,28,1361865184,63205068655456,62852568655456,15023.333524545,3830175.63657515,0.946310378881842,90650,348472,3.48236072807501,3.84414782129068,141,353861865184,352500000000,6324541964171,63205068655456,56880526691285,xxxx,58
8,2,2015,3,1,1367408516,122714533813642,122362033813642,15695.149570148,4090961.61446492,1.03877032184234,87123,316883,3.0503311410305,3.63719109764356,141,353867408516,352500000000,9186151053817,122714533813642,113528382759825,xxxx,59
8,3,2015,3,2,1558070349,194800363458393,194407863458393,14686.7226804415,4058273.39971855,0.827210847309967,106087,318286,3.15481632999331,3.00023565564112,157,394058070349,392500000000,12334908325091,194800363458393,182465455133302,xxxx,60
8,4,2015,3,3,1550988216,111564108259772,111171608259772,14122.6174480755,3992547.27860996,0.792709788277749,109823,304963,2.95527348551761,2.77685912786939,157,394050988216,392500000000,10752102857418,111564108259772,100812005402354,xxxx,61
8,5,2015,3,4,1467918731,89188925701110,88828925701110,14723.3573821464,4026065.94298818,0.823446980333268,99700,288097,2.90842527582748,2.88963891675025,144,361467918731,360000000000,8025463900279,89188925701110,81163461800831,xxxx,62
8,6,2015,3,5,1452272045,109748195660879,109438195660879,14730.5687754212,4069596.55700642,0.735384104098034,98589,280413,3.19303370558582,2.84426254450294,124,311452272045,310000000000,10944576651524,109748195660879,98803619009355,xxxx,63
9,0,2015,3,6,1688492115,83572511392192,83200011392192,17813.9169172337,4868866.30122203,0.732353754171216,94785,275840,3.23590230521707,2.91016511051327,149,374188492115,372500000000,8886590833093,83572511392192,74685920559099,xxxx,64
9,1,2015,3,7,1320897620,111575425768853,111212925768853,14323.7973475606,3959145.59334922,0.884205386209054,92217,315534,2.87122764783066,3.42164676794951,145,363820897620,362500000000,6244186986795,111575425768853,105331238782058,xxxx,65
9,2,2015,3,8,1306249168,230492540786134,230105040786134,15096.6087418811,4156670.76612684,0.95162542974312,86526,308939,3.07734091486952,3.57047592631117,155,388806249168,387500000000,5473739231209,230492540786134,225018801554925,xxxx,66
9,3,2015,3,9,1556540864,112325627204430,111975627204430,14877.758635851,4316485.16508855,0.931495862538292,104622,315743,3.05998738315077,3.01794077727438,140,351556540864,350000000000,7350839552987,112325627204430,104974787651443,xxxx,67
9,4,2015,3,10,1565327707,113823248350628,113438248350628,14581.5342990219,4262479.5809166,0.756634741203782,107350,298451,2.98577550069865,2.78016767582673,154,386565327707,385000000000,10447782020461,113823248350628,103375466330167,xxxx,68
9,5,2015,3,11,1541365811,89003111685997,88608111685997,15128.0407015546,4488388.70604115,0.745608169774772,101888,282547,3.09772495288945,2.77311361494975,158,396541365811,395000000000,10607200650907,89003111685997,78395911035090,xxxx,69
9,6,2015,3,12,1394290819,105431010469988,105113510469988,14517.3601303583,4294240.25129192,0.722366022019533,96043,258840,3.34656351842404,2.69504284539217,127,318894290819,317500000000,14593080547465,105431010469988,90837929922523,xxxx,70
10,0,2015,3,13,1375152700,95339012360941,94966512360941,14256.7875508004,4076173.03948108,0.807274914717612,96456,281034,2.88150037322717,2.91359790992784,149,373875152700,372500000000,14435894915071,95339012360941,80903117445870,xxxx,71
10,1,2015,3,14,1237712197,80480948072693,80153448072693,13842.6425352018,3925888.34305123,0.851633105312804,89413,316800,2.76627559750819,3.54310894388959,131,328737712197,327500000000,8692145375312,80480948072693,71788802697381,xxxx,72
10,2,2015,3,15,1187577898,57526877787017,57171877787017,14077.4999762921,4044045.47979636,1.09199171059636,84360,309190,2.81522048364154,3.66512565196776,142,356187577898,355000000000,7092002429571,57526877787017,50434875357446,xxxx,73
10,3,2015,3,16,1481257724,93066544652040,92731544652040,14381.7014641345,4190714.53583642,1.00341585644758,102996,315867,2.86209173171774,3.06678900151462,134,336481257724,335000000000,7002031196445,93066544652040,86064513455595,xxxx,74
10,4,2015,3,17,1420100768,79006796990748,78666796990748,14109.5776170416,4024734.11210414,0.833470522867402,100648,284908,2.65936729989667,2.83073682537159,136,341420100768,340000000000,6699751191075,79006796990748,72307045799673,xxxx,75
10,5,2015,3,18,1546325073,152292491662302,151914991662302,15264.9589137109,3927462.81225465,0.742297150150597,101299,285877,2.93881479580252,2.82211078095539,151,379046325073,377500000000,9678502661392,152292491662302,142613989000910,xxxx,76
10,6,2015,3,19,1635009752,111105399126056,110762899126056,15482.4604371047,4057843.77308349,0.914585700864072,105604,295689,3.00532176811484,2.79997916745578,137,344135009752,342500000000,9224303167363,111105399126056,101881095958693,xxxx,77
11,0,2015,3,20,1551914574,82525848768770,82190848768770,15445.9320222147,4061762.66177903,0.918003484232439,100474,288509,2.66003145092263,2.87147918864582,134,336551914574,335000000000,9121382868433,82525848768770,73404465900337,xxxx,78
11,1,2015,3,21,1412042714,66208364235794,65825864235794,14425.2322984666,3767644.18168095,1.02537790116776,97887,328862,2.74919039300418,3.35960852820088,153,383912042714,382500000000,5529467273926,66208364235794,60678896961868,xxxx,79
11,2,2015,3,22,1275680054,49093199760834,48750699760834,14541.3101176363,3910149.87567182,1.15924831261994,87728,318475,3.00077512310779,3.63025487871603,137,343775680054,342500000000,4971277642577,49093199760834,44121922118257,xxxx,80
11,3,2015,3,23,1770393993,88744354848647,88379354848647,16459.2885312657,4390975.72415034,1.07990392538625,107562,335270,2.79126457299046,3.11699299008944,146,366770393993,365000000000,8968661423463,88744354848647,79775693425184,xxxx,81
11,4,2015,3,24,1364850227,94798064936033,94358064936033,14789.3529571116,3650531.08647523,0.849406651885651,92286,258332,2.78358580933186,2.79925449147216,176,441364850227,440000000000,7797514384207,94798064936033,87000550551826,xxxx,82
11,5,2015,3,25,1570952879,108963562597154,108563562597154,16037.4955744985,3956756.95326437,0.759643239867112,97955,263659,2.59395640855495,2.69163391353172,160,401570952879,400000000000,11656281951905,108963562597154,97307280645249,xxxx,83
11,6,2015,3,26,1443529003,96977818961375,96615318961375,14585.9630280801,3639679.03056878,0.780169727985606,98967,280576,2.7027898188285,2.83504602544282,145,363943529003,362500000000,7565094110266,96977818961375,89412724851109,xxxx,84
12,0,2015,3,27,1409905103,102067687581830,101627687581830,14015.37921608,3467109.05949652,0.740322070277643,100597,285260,2.62034653120868,2.83567104386811,176,441409905103,440000000000,10783475773587,102067687581830,91284211808243,xxxx,85
12,1,2015,3,28,1291423917,65955806091294,65580806091294,14439.320165925,3656492.45522756,0.904596600223337,89438,294157,2.83258793801293,3.28894876897963,150,376291423917,375000000000,6063002034683,65955806091294,59892804056611,xxxx,86
12,2,2015,3,29,1204639420,52833856683180,52466356683180,13978.5028661607,3396323.61569709,1.11696011808974,86178,325643,2.90590405904059,3.77872542876372,147,368704639420,367500000000,5613657396561,52833856683180,47220199286619,xxxx,87
12,3,2015,3,30,1539817107,86581538993790,86231538993790,14701.7492099258,3650987.20011682,0.899533642083555,104737,303770,2.85156153030925,2.90031221058461,140,351539817107,350000000000,9462160957503,86581538993790,77119378036287,xxxx,88
12,4,2015,3,31,1543008310,83410261701888,83047761701888,13967.9211174277,3418124.57269969,0.790968058137255,110468,308259,2.63549625230836,2.79048231161965,145,364043008310,362500000000,7705538778002,83410261701888,75704722923886,xxxx,89
12,5,2015,4,1,1750706702,107245831910393,106895831910393,14225.7544894609,3516404.83465743,0.758998615290095,123066,339602,2.66397705296345,2.75951115661515,140,351750706702,350000000000,18047709787709,107245831910393,89198122122684,xxxx,90
12,6,2015,4,2,1584576419,81752764252750,81362764252750,13977.5278213927,3545121.37005745,0.843899482300296,113366,319884,2.66461725737876,2.82169257096484,156,391584576419,390000000000,9648688958176,81752764252750,72104075294574,xxxx,91
13,0,2015,4,3,1471734853,72850603772221,72475603772221,14238.7830322849,3628513.99390461,0.932931247082422,103361,285540,2.95009723203142,2.76255067191687,150,376471734853,375000000000,6925468974306,72850603772221,65925134797915,xxxx,92
13,1,2015,4,4,1423514508,50055874972768,49665874972768,15503.4852045873,3937045.69953746,0.990755227913733,91819,326605,2.85678345440486,3.55705246190876,156,391423514508,390000000000,7913862654875,50055874972768,42142012317893,xxxx,93
13,2,2015,4,5,1460053506,45106239538307,44736239538307,15468.9626215752,4039133.67003981,1.08980618390908,94386,336063,2.85944949462844,3.56051744962177,148,371460053506,370000000000,4563596724167,45106239538307,40542642814140,xxxx,94
13,3,2015,4,6,1592278813,72119940105641,71804940105641,15052.0282932363,3858849.36807918,0.905632839480041,105785,302631,2.8060311008177,2.86081202438909,126,316592278813,315000000000,7377664341916,72119940105641,64742275763725,xxxx,95
13,4,2015,4,7,1544223971,76344130450299,75969130450299,14518.1588962535,3699689.99298379,0.760913830713516,106365,297003,2.7849480562215,2.79230009871668,150,376544223971,375000000000,8071473330024,76344130450299,68272657120275,xxxx,96
13,5,2015,4,8,1640221330,97071945814903,96751945814903,14405.0914248577,3541134.56046374,0.776338380703784,113864,318194,2.6769567202979,2.79450923909225,128,321640221330,320000000000,10825707062205,97071945814903,86246238752698,xxxx,97
13,6,2015,4,9,1865691011,86861217466547,86516217466547,16264.2729206441,3966216.0960699,0.746552999309207,114711,303494,2.56954433315026,2.64572708807351,138,346865691011,345000000000,9223976893101,86861217466547,77637240573446,xxxx,98
14,0,2015,4,10,2797698297,102529997702421,102159997702421,24435.3267158104,5763606.83562519,0.731294602362078,114494,320248,2.52731147483711,2.79707233566824,148,372797698297,370000000000,10176778896335,102529997702421,92353218806086,xxxx,99
14,1,2015,4,11,1679153853,64524715612178,64174715612178,16646.7121344305,3952080.52186233,0.856150297959618,100870,344721,2.69568751858828,3.41747794190542,140,351679153853,350000000000,6400553081936,64524715612178,58124162530242,xxxx,100
14,2,2015,4,12,1422804554,48240068655738,47915068655738,16275.3177611787,3859545.6358503,0.998867873041892,87421,301000,2.62767527253177,3.44310863522495,130,326422804554,325000000000,4173788534580,48240068655738,44066280121158,xxxx,101
14,3,2015,4,13,1678946158,86242120371134,85867120371134,14933.5233038033,3367593.56240074,0.85798917861282,112428,321964,2.7658412495108,2.86373501263031,150,376678946158,375000000000,10344989161211,86242120371134,75897131209923,xxxx,102
14,4,2015,4,14,1624056673,103572169651884,103192169651884,14658.212672052,3221248.19768917,0.73874257737057,110795,307300,2.8381966695248,2.77359086601381,152,381624056673,380000000000,12196518682546,103572169651884,91375650969338,xxxx,103
14,5,2015,4,15,1552065828,80716770647443,80414270647443,14337.1283358736,3201680.05539466,0.733076050366955,108255,292037,2.58577432913029,2.6976767816729,121,304052065828,302500000000,9588569836472,80716770647443,71128200810971,xxxx,104
14,6,2015,4,16,1432185698,115067764468054,114720264468054,14247.626844142,3255494.72527735,0.685043210966458,100521,275062,2.58280359327902,2.73636354592573,139,348932185698,347500000000,9572535210290,115067764468054,105495229257764,xxxx,105
15,0,2015,4,17,1455540566,115574291816134,115256791816134,14318.153850694,3189870.92018873,0.704871437979695,101657,284103,2.58962983365631,2.79472146531965,127,318955540566,317500000000,9499742840364,115574291816134,106074548975770,xxxx,106
15,1,2015,4,18,1331941928,79465782509838,79110782509838,13605.8218295112,3039514.01484065,0.885834487743287,97895,331030,2.66602993002707,3.3814801573114,142,356331941928,355000000000,5901201163527,79465782509838,73564581346311,xxxx,107
15,2,2015,4,19,1301671183,94270625094879,93908125094879,14272.3973487424,3186799.81518089,1.00646866869951,91202,328954,2.90768842788535,3.6068726563014,145,363801671183,362500000000,5609599427579,94270625094879,88661025667300,xxxx,108
15,3,2015,4,20,1700971641,135333853637728,134946353637728,14527.4167157755,3267141.91449957,1.02565981539826,117087,326627,2.61779702272669,2.78960943571874,155,389200971641,387500000000,8043243614472,135333853637728,127290610023256,xxxx,109
15,4,2015,4,21,1537417951,122520111746739,122127611746739,13729.5202761232,3225604.6264037,0.672084825189521,111979,292899,2.67684119343806,2.61566007912198,157,394037417951,392500000000,8252565046611,122520111746739,114267546700128,xxxx,110
15,5,2015,4,22,1574255236,133434787145249,133062287145249,14170.3518250146,3313345.99239275,0.659574453220417,111095,314155,2.71249831225528,2.8278050317296,149,374074255236,372500000000,7993603487466,133434787145249,125441183657783,xxxx,111
15,6,2015,4,23,1528560731,112193366245635,111865866245635,14034.6949491796,3311251.81370141,0.628200093389044,108913,312546,2.6764573558712,2.86968497791815,131,329028560731,327500000000,7463788108994,112193366245635,104729578136641,xxxx,112
16,0,2015,4,24,1628943558,128248379093441,127938379093441,14771.7826323521,3419056.03336871,0.754244511562993,110274,307594,2.99982770190616,2.78936104612148,124,311628943558,310000000000,9859273609466,128248379093441,118389105483975,xxxx,113
16,1,2015,4,25,9948841096,97973827771750,97576327771750,100293.769932558,22711123.7661106,0.849376281593582,99197,338339,2.66637095879916,3.41077855177072,159,407448841096,397500000000,7352599083286,97973827771750,90621228688464,xxxx,114
16,2,2015,4,26,1348716443,105789317103168,105411817103168,14363.6333361733,3167229.99620165,0.935508155863219,93898,336813,2.8779420221943,3.58700930797248,151,378848716443,377500000000,7760820033966,105789317103168,98028497069202,xxxx,115
16,3,2015,4,27,1527854577,134651113981298,134313613981298,13736.1171726798,3122576.49186929,0.742187622848428,111229,304166,2.67792572081022,2.73459259725431,135,339027854577,337500000000,9600144452222,134651113981298,125050969529076,xxxx,116
16,4,2015,4,28,1603986819,132335890357049,131960890357049,14171.3726995627,3196343.96524215,0.70753494910058,113185,310320,2.70262844016433,2.74170605645624,150,376603986819,375000000000,8516059074980,132335890357049,123819831282069,xxxx,117
16,5,2015,4,29,1723485683,129382704330690,129057704330690,14595.7917277123,3293821.77582118,0.674024079789516,118081,317501,2.77048805480983,2.68884071103734,130,326723485683,325000000000,8806330978899,129382704330690,120576373351791,xxxx,118
16,6,2015,4,30,1673800473,121541261504417,121208761504417,14794.4569239064,3496344.04278775,0.581124237692863,113137,303545,2.64977858702281,2.68298611418015,133,334173800473,332500000000,8797013130489,121541261504417,112744248373928,xxxx,119
17,0,2015,5,1,1379669899,119557669483492,119197669483492,13835.4382170076,3220150.89168788,0.628988557304989,99720,273504,2.57392699558765,2.74271961492178,144,361379669899,360000000000,10170650598803,119557669483492,109387018884689,xxxx,120
17,1,2015,5,2,1398127233,87640094303885,87267594303885,14433.7710524957,3399731.46043776,0.979597649176121,96865,357425,2.73752129252052,3.68992928302276,149,373898127233,372500000000,6252615627761,87640094303885,81387478676124,xxxx,121
17,2,2015,5,3,1258854041,80979576842218,80629576842218,14755.8847641598,3548262.73786837,0.917078936707532,85312,301214,2.81528975993998,3.53073424606152,140,351258854041,350000000000,5606052987744,80979576842218,75373523854474,xxxx,122
17,3,2015,5,4,1429118692,118714864081735,118389864081735,14663.3425540211,3504196.52471482,0.787405693205962,97462,283815,2.78436724056555,2.91205803287435,130,326429118692,325000000000,8009243924537,118714864081735,110705620157198,xxxx,123
17,4,2015,5,5,1663632808,121413034660593,121028034660593,14107.0712716974,3329598.59187453,0.60633450737813,117929,321547,2.61044357197975,2.72661516675288,154,386663632808,385000000000,8648727262762,121413034660593,112764307397831,xxxx,124
17,5,2015,5,6,1591953381,117787412142568,117394912142568,14116.0653064482,3239371.92006683,0.590694366116354,112776,323478,2.64104951408101,2.86832304745691,157,394091953381,392500000000,11773632483576,117787412142568,106013779658992,xxxx,125
17,6,2015,5,7,1609252304,134189115055655,133819115055655,14352.8179734394,3403493.73847293,0.639556809229143,112121,308363,2.72162217604195,2.75026979780773,148,371609252304,370000000000,9911427678600,134189115055655,124277687377055,xxxx,126
18,0,2015,5,8,1639861077,110141059982107,109783559982107,15100.0099171271,3690192.82890353,0.664559073635589,108600,381131,2.70527624309392,3.50949355432781,143,359139861077,357500000000,8968668722695,110141059982107,101172391259412,xxxx,127
18,1,2015,5,9,1373370647,89612801960406,89262801960406,14303.4113438245,3471523.01204021,0.867141216001776,96017,276254,2.63708509951363,2.87713634043971,140,351373370647,350000000000,6205342500422,89612801960406,83407459459984,xxxx,128
18,2,2015,5,10,1541209423,98299418606817,97994418606817,17122.6466281524,4121960.34566915,0.994337139700631,90010,307200,3.02366403732919,3.41295411620931,122,306541209423,305000000000,5212700064769,98299418606817,93086718542048,xxxx,129
18,3,2015,5,11,1709074987,115443744602437,115071244602437,15765.9380921192,3819295.81605262,0.758731321414905,108403,335215,2.85685820503123,3.09230371853177,149,374209074987,372500000000,9013852561473,115443744602437,106429892040964,xxxx,130
18,4,2015,5,12,1620390258,107753129897484,107368129897484,14633.7059333514,3544416.70337989,0.656201728891162,110730,319083,2.80725187392757,2.88163099431048,154,386620390258,385000000000,9902607820125,107753129897484,97850522077359,xxxx,131
18,5,2015,5,13,1522160128,108037168241165,107612168241165,14035.0759584709,3320000.79796108,0.744401902514356,108454,300261,2.68575617312409,2.76855625426448,170,426522160128,425000000000,8275996801308,108037168241165,99761171439857,xxxx,132
18,6,2015,5,14,1431466844,108643968964353,108273968964353,13939.6907585938,3302994.69151032,0.613871162663785,102690,286487,2.64148407829389,2.78982374135748,148,371431466844,370000000000,8786002951321,108643968964353,99857966013032,xxxx,133
19,0,2015,5,15,1506926772,95185737929788,94805737929788,14346.901242443,3407166.65738747,0.645490086930136,105035,297619,2.590707859285,2.83352215928024,152,381506926772,380000000000,7673667586819,95185737929788,87512070342969,xxxx,134
19,1,2015,5,16,1353627505,77694995205959,77372495205959,14600.5059270205,3442976.39144748,0.903855670367788,92711,345593,2.76646784092503,3.72763749716862,129,323853627505,322500000000,8339687982154,77694995205959,69355307223805,xxxx,135
19,2,2015,5,17,1259756411,62840498604098,62412998604098,14777.2013020528,3501659.97524215,0.986083234630716,85250,303195,3.04796480938416,3.55653958944282,171,428759756411,427500000000,6056790684987,62840498604098,56783707919111,xxxx,136
19,3,2015,5,18,1509207722,90919097037563,90561597037563,15346.3665131224,3573920.93666279,0.843763431337945,98343,298477,2.79750465208505,3.03506096010901,143,359009207722,357500000000,7095146196703,90919097037563,83823950840860,xxxx,137
19,4,2015,5,19,1564254992,117739125645147,117394125645147,14487.0618655998,3360628.15517536,0.643200847261571,107976,301145,2.77380158553753,2.78899940727569,138,346564254992,345000000000,14636271813550,117739125645147,103102853831597,xxxx,138
19,5,2015,5,20,1508625281,113062139991728,112717139991728,14018.2057164627,3282927.82637372,0.625612998072171,107619,308852,2.69409676729945,2.86986498666592,138,346508625281,345000000000,11202054844654,113062139991728,101860085147074,xxxx,139
19,6,2015,5,21,1455065455,94479487208875,94096987208875,14822.1972027545,3491425.20693703,0.689375353493393,98168,291805,2.65992991606226,2.97250631570369,153,383955065455,382500000000,7519091403009,94479487208875,86960395805866,xxxx,140
20,0,2015,5,22,1526005543,122879038955670,122519038955670,14927.1793309205,3587347.49363007,0.861814579666951,102230,309613,2.80709185170694,3.02859238970948,144,361526005543,360000000000,10078261671397,122879038955670,112800777284273,xxxx,141
20,1,2015,5,23,1281706036,104443749935143,104168749935143,14723.9604820274,3518485.87277767,0.973920854297269,87049,280090,2.69604475640157,3.21761306850165,110,276281706036,275000000000,7136619345143,104443749935143,97307130590000,xxxx,142
20,2,2015,5,24,1337864023,71931352674825,71568852674825,14374.8149027614,3460186.92458642,1.29981673050916,93070,384504,3.07473944342968,4.13134200064468,145,363837864023,362500000000,5931878047388,71931352674825,65999474627437,xxxx,143
20,3,2015,5,25,1560764799,94949745140428,94597245140428,14660.987995153,3474706.13643295,0.981380224868503,106457,330268,2.86029100951558,3.10236057751017,141,354060764799,352500000000,10054442451027,94949745140428,84895302689401,xxxx,144
20,4,2015,5,26,1784337248,101362369635682,101019869635682,16645.0922863086,3941495.775087,0.754072522608897,107199,327735,2.82954132034814,3.05725799680967,137,344284337248,342500000000,9737149938481,101362369635682,91625219697201,xxxx,145
20,5,2015,5,27,1631910765,113815887292167,113460887292167,14887.3875858672,3531341.9245967,0.681144477421685,109617,306333,2.92896174863388,2.79457565888503,142,356631910765,355000000000,11086076199965,113815887292167,102729811092202,xxxx,146
20,6,2015,5,28,1585108627,101830806483511,101490806483511,14570.4862348215,3452576.91390133,0.654816448971961,108789,302379,2.76275174879813,2.7794997656013,136,341585108627,340000000000,8855927050616,101830806483511,92974879432895,xxxx,147
21,0,2015,5,29,1763029715,109380531624722,108988031624722,14288.0390543957,3381214.84057629,0.734253253126939,123392,355351,2.68740274896266,2.87985444761411,157,394263029715,392500000000,9931361249771,109380531624722,99449170374951,xxxx,148
21,1,2015,5,30,1786743639,92573967253176,92253967253176,13504.0180709233,3143583.81729499,1.08701403064774,132312,425625,2.43640788439446,3.21682840558679,128,321786743639,320000000000,8711712434173,92573967253176,83862254819003,xxxx,149
21,2,2015,5,31,3885462446,86215555579746,85843055579746,41045.2071664748,9417845.42289631,1.01664227762017,94663,337469,2.79800978206902,3.56495145938751,149,376385462446,372500000000,7662305389824,86215555579746,78553250189922,xxxx,150
21,3,2015,6,1,2161124374,153640737667534,153303237667534,16847.4568430572,3761745.64640658,0.899799557113094,128276,368571,2.78958651657364,2.87326545885435,135,339661124374,337500000000,13280759115386,153640737667534,140359978552148,xxxx,151
21,4,2015,6,2,1859476277,145234342393057,144859342393057,14509.58820959,3269312.02592915,0.755713046003801,128155,359902,2.82893371308182,2.80833365846046,150,376859476277,375000000000,10173909838724,145234342393057,135060432554333,xxxx,152
21,5,2015,6,3,1786286842,135458955571138,135113955571138,14122.965836766,3180676.2668963,0.904593560137347,126481,356699,2.65341039365596,2.82017852483772,138,346786286842,345000000000,19839004369082,135458955571138,115619951202056,xxxx,153
21,6,2015,6,4,1681401125,124019041214882,123669041214882,13886.5810903445,3104207.3255013,1.32551340449021,121081,322003,2.61605867146786,2.65940155763497,140,351681401125,350000000000,15342606962683,124019041214882,108676434252199,xxxx,154
22,0,2015,6,5,1625356892,143701979357719,143329479357719,14842.4931008977,3335569.46150984,0.753246446716585,109507,328414,2.72117764161195,2.99902289351366,149,374125356892,372500000000,16996909541022,143701979357719,126705069816697,xxxx,155
22,1,2015,6,6,1388677668,101479999308361,101049999308361,15199.7292966441,3422378.68111115,0.890778897236448,91362,324721,2.64525732799194,3.55422385674569,172,431388677668,430000000000,6391597655110,101479999308361,95088401653251,xxxx,156
22,2,2015,6,7,1330178985,103909048415108,103544048415108,15357.7290360569,3431096.01618231,0.922193187318207,86613,324519,3.15674321406717,3.74677011534065,146,366330178985,365000000000,9774296706508,103909048415108,94134751708600,xxxx,157
22,3,2015,6,8,1759392091,115153503418837,114758503418837,16264.6140071922,3720925.65044672,0.867006136156789,108173,307622,2.77675575235965,2.84379651114419,158,396759392091,395000000000,4836934228451,115153503418837,110316569190386,xxxx,158
22,4,2015,6,9,1702233791,124625193171915,124250193171915,14538.0721423203,3334605.24401445,0.605096131555758,117088,314140,2.60504919376879,2.68293932768516,150,376702233791,375000000000,10801747601474,124625193171915,113823445570441,xxxx,159
22,5,2015,6,10,1983899490,132156429350361,131746429350361,15135.1436156821,3459719.45418564,0.988582736640551,131079,386716,3.03481106813448,2.95025137512492,164,411983899490,410000000000,10749760290407,132156429350361,121406669059954,xxxx,160
22,6,2015,6,11,1806513702,131473814177880,131108814177880,14577.2406497373,3346707.13604395,0.580941017052283,123927,349947,2.62912843851622,2.82381563339708,146,366806513702,365000000000,13803801682840,131473814177880,117670012495040,xxxx,161
23,0,2015,6,12,1805442322,134389225161494,134044225161494,14349.5205175689,3297680.85455369,0.623875816487588,125819,364701,2.72769613492398,2.8986162662237,138,346805442322,345000000000,16067824976315,134389225161494,118321400185179,xxxx,162
23,1,2015,6,13,1684789539,107491091302949,107098591302949,15773.4106561061,3675446.83451892,0.774233867254471,106812,346716,2.7926731078905,3.24603977081227,157,394184789539,392500000000,11598458907075,107491091302949,95892632395874,xxxx,163
23,2,2015,6,14,1678167050,133177819779908,132797819779908,15924.9103245398,3702654.82357355,0.83325493999963,105380,370646,2.92626684380338,3.51723287151262,152,381678167050,380000000000,26442938945675,133177819779908,106734880834233,xxxx,164
23,3,2015,6,15,1929482512,144374441730847,144019441730847,15442.160497483,3656564.17802988,0.76287676873624,124949,392424,2.88528119472745,3.14067339474506,142,356929482512,355000000000,26905141982007,144374441730847,117469299748840,xxxx,165
23,4,2015,6,16,1923351249,186946427800956,186633927800956,15579.1186323983,3917099.50115272,0.662444019699587,123457,357731,2.87936690507626,2.8976161740525,125,314423351249,312500000000,24223692086172,186946427800956,162722735714784,xxxx,166
23,5,2015,6,17,2453981490,191438074891143,191080574891143,18465.1498893889,4578790.65755677,0.616477706302225,132898,501963,2.98157233366943,3.77705458321419,143,359953981490,357500000000,30604019733508,191438074891143,160834055157635,xxxx,167
23,6,2015,6,18,2720921911,146486353059599,146073853059599,21737.9855315613,5413029.66099018,0.61706337102368,125169,507591,2.88648147704304,4.05524530834312,165,415220921911,412500000000,17749989104579,146486353059599,128736363955020,xxxx,168
24,0,2015,6,19,2515243686,180347533150955,179980033150955,20440.4941488151,5003904.07361552,0.755189157628113,123052,421434,2.92951760231447,3.42484478106817,147,370015243686,367500000000,16235257233803,180347533150955,164112275917152,xxxx,169
24,1,2015,6,20,1824421061,121898758931299,121553758931299,16882.7829897098,4146116.42130029,0.937601308367491,108064,373855,3.08144247853124,3.4595702546639,138,346824421061,345000000000,14835408426861,121898758931299,107063350504438,xxxx,170
24,2,2015,6,21,1375553134,96307063828412,95994563828412,14515.1068831977,3546044.31389878,1.09859817985544,94767,346690,2.9007776968776,3.65834098367575,125,313875553134,312500000000,12827299774873,96307063828412,83479764053539,xxxx,171
24,3,2015,6,22,2603505284,106527497901582,106167497901582,22639.1763826087,5592281.77958334,0.756254157504236,115000,489005,3.49213913043478,4.25221739130435,144,362603505284,360000000000,10417919871717,106527497901582,96109578029865,xxxx,172
24,4,2015,6,23,2044458463,122349295777441,121989295777441,15868.196701335,3874771.98775768,0.849703505145038,128840,386743,3.35199472213598,3.00173082893511,144,362044458463,360000000000,22778442099486,122349295777441,99570853677955,xxxx,173
24,5,2015,6,24,1633874102,114477578053339,114105078053339,14427.3991770274,3469090.43635501,0.77331064267769,113248,319616,2.70383582933032,2.82226617688613,149,374133874102,372500000000,17905098263345,114477578053339,96572479789994,xxxx,174
24,6,2015,6,25,1656885982,94571013834006,94171013834006,14996.3432652101,3634331.57907568,0.74812397988582,110486,284461,2.51926035877849,2.57463389026664,160,401656885982,400000000000,4534963593615,94571013834006,90036050240391,xxxx,175
25,0,2015,6,26,1786200051,148435313996327,148060313996327,15585.5718810533,3786795.23916679,0.756544112668358,114606,342415,2.76697555101827,2.98775805804234,150,376786200051,375000000000,36427295733809,148435313996327,112008018262518,xxxx,176
25,1,2015,6,27,1710932754,130703734587953,130371234587953,15699.2233029308,3948815.04349112,1.10764759276587,108982,387067,2.90390156172579,3.55165990714063,133,334210932754,332500000000,34618543468685,130703734587953,96085191119268,xxxx,177
25,2,2015,6,28,1527282518,83216179617254,82853679617254,15577.6803851371,3879750.51315885,0.97383061477331,98043,333480,2.91861734137062,3.4013647073223,145,364027282518,362500000000,9865355111883,83216179617254,73350824505371,xxxx,178
25,3,2015,6,29,1858118252,129250545306455,128920545306455,15065.8643834173,3866657.12919283,0.810295256147498,123333,341567,2.80155351771221,2.76946964721526,132,331858118252,330000000000,9765065904959,129250545306455,119485479401496,xxxx,179
25,4,2015,6,30,2946996374,169807448050437,169442448050437,18904.4536432975,4988022.77587128,0.549884437018317,155889,706967,2.40740526913381,4.53506661791403,146,367946996374,365000000000,18064144943770,169807448050437,151743303106667,xxxx,180
25,5,2015,7,1,2134428823,128539937979632,128192437979632,15113.1404305034,3899834.4870361,1.08732492501149,141230,432575,3.12585144799264,3.06291156269914,139,349634428823,347500000000,15231786509033,128539937979632,113308151470599,xxxx,181
25,6,2015,7,2,2419247197,135179827662305,134797327662305,16764.9351161437,4270818.97380116,0.880971767539601,144304,380575,2.68109685109214,2.63731428096241,153,384919247197,382500000000,13067961470983,135179827662305,122111866191322,xxxx,182
26,0,2015,7,3,2324934728,127360945366127,126965945366127,17792.0054487155,4556301.83105367,0.853171901420256,130673,373703,2.69162719153919,2.85983332440519,158,397324934728,395000000000,16998684851304,127360945366127,110362260514823,xxxx,183
26,1,2015,7,4,1832519697,96086967134665,95701967134665,16934.0636418241,4411480.18822715,1.34401627587307,108215,355217,2.80294783532782,3.28251166658966,154,386832519697,385000000000,10966496505563,96086967134665,85120470629102,xxxx,184
26,2,2015,7,5,1974840351,108481445851254,108116445851254,18022.7273648186,4889610.17363177,1.06699479640429,109575,349328,2.67735341090577,3.18802646589094,146,366974840351,365000000000,7032072556608,108481445851254,101449373294646,xxxx,185
26,3,2015,7,6,3391093697,150735500263645,150308000263645,20240.3811425263,5447454.57875788,0.698149555889747,167541,650902,2.27929282981479,3.88503112670928,171,430891093697,427500000000,9716794700109,150735500263645,141018705563536,xxxx,186
26,4,2015,7,7,4245207128,131273698993382,130918698993382,22231.1038448245,5923920.13314498,0.98807854878624,190958,964722,2.44431759863425,5.05201143706993,142,359245207128,355000000000,5338239243243,131273698993382,125935459750139,xxxx,187
26,5,2015,7,8,5143420810,125008750524233,124611250524233,25355.0341621643,6860467.39934421,0.807443902817279,202856,1445517,2.16802066490515,7.12582817367985,159,402643420810,397500000000,2679938903775,125008750524233,122328811620458,xxxx,188
26,6,2015,7,9,4074850281,131023135495011,130693135495011,21321.5687024498,5750007.03720528,9.26383855104586,191114,831405,2.15782203292276,4.3503092395115,132,334074850281,330000000000,8003811107017,131023135495011,123019324387994,xxxx,189
27,0,2015,7,10,3862578316,185767132763478,185374632763478,19210.1174516338,5485617.60022556,12.5249016934168,201070,934976,2.30095986472373,4.65000248669618,157,396362578316,392500000000,14706190362840,185767132763478,171060942400638,xxxx,190
27,1,2015,7,11,3873824315,129369613082930,129004613082930,20713.2012009282,6087971.23327596,15.5489468387861,187022,1418992,2.08381901594465,7.58729988985253,146,368873824315,365000000000,9097028166330,129369613082930,120272584916600,xxxx,191
27,2,2015,7,12,4395279533,128039344907800,127694344907800,22261.9066173677,6934180.39810037,19.0095502233746,197435,1112387,2.20604755995644,5.63419353204852,138,349395279533,345000000000,17792798608552,128039344907800,110246546299248,xxxx,192
27,3,2015,7,13,3298487518,135645763470993,135285763470993,19466.994322474,5697000.90976831,15.0121092176598,169440,873227,2.97409112370161,5.15360599622285,144,363298487518,360000000000,9596160576298,135645763470993,126049602894695,xxxx,193
27,4,2015,7,14,2919416927,130214320430390,129856820430390,23748.41925145,6833392.3205605,3.66606907402426,122931,335107,4.75735981973627,2.72597636072268,143,360419416927,357500000000,14563844103642,130214320430390,115650476326748,xxxx,194
27,5,2015,7,15,2611471636,125028896089787,124638896089787,22546.700936758,6446617.57559591,4.05482323085827,115825,318751,5.14981221670624,2.75200518022879,156,392611471636,390000000000,13154216884851,125028896089787,111874679204936,xxxx,195
27,6,2015,7,16,2742458605,143673382132859,143348382132859,24243.3709181238,6752572.70032349,2.65002558847835,113122,309057,4.52170223298739,2.73206803274341,130,327742458605,325000000000,12286304992618,143673382132859,131387077140241,xxxx,196
28,0,2015,7,17,2456686090,121535391566447,121152891566447,20541.5406033647,5752960.94752121,4.64809775662163,119596,316796,4.66151041840864,2.64888457807953,153,384956686090,382500000000,12934014778750,121535391566447,108601376787697,xxxx,197
28,1,2015,7,18,4380775989,93858167509750,93480667509750,35147.7145115092,9748381.96303815,6.35603467411956,124639,347566,4.16466755991303,2.78858142315006,151,381880775989,377500000000,8885823961713,93858167509750,84972343548037,xxxx,198
28,2,2015,7,19,1939391809,72706140554498,72343640554498,15231.9422025698,4193079.19308979,6.84813448342987,127324,387783,3.93103421193176,3.04563947095599,145,364439391809,362500000000,8033574628448,72706140554498,64672565926050,xxxx,199
28,3,2015,7,20,3949045393,100836030317309,100453530317309,32164.1124061314,8977466.15090188,2.64536127545046,122778,337129,3.03258727133526,2.74584208897359,153,386449045393,382500000000,14625463276451,100836030317309,86210567040858,xxxx,200
28,4,2015,7,21,2609140541,108465007867598,108117507867598,19197.1374408629,5310934.17153641,4.61910625967424,135913,357656,2.48918057875258,2.63150691986786,139,350109140541,347500000000,14908766972763,108465007867598,93556240894835,xxxx,201
28,5,2015,7,22,2741157436,104258705767068,103896205767068,21053.5982304012,5847939.5449271,4.32397140758278,130199,348464,2.80866212490111,2.67639536401969,145,365241157436,362500000000,11488703324157,104258705767068,92770002442911,xxxx,202
28,6,2015,7,23,2613503842,116097977287314,115747977287314,23953.5853978205,6630630.75252027,1.05876706673505,109107,295627,2.62006104099645,2.70951451327596,140,352613503842,350000000000,11508754886028,116097977287314,104589222401286,xxxx,203
29,0,2015,7,24,2348162875,124372872282958,123937872282958,21311.2872558629,6165482.63312651,0.98992246798412,110184,303464,2.95263377622885,2.75415668336601,174,437348162875,435000000000,12615568021179,124372872282958,111757304261779,xxxx,204
29,1,2015,7,25,2033230516,78815485717903,78450485717903,20200.1958789517,5848110.7680214,1.54321554652463,100654,288182,2.66844834780535,2.86309535636934,146,367033230516,365000000000,7892580006129,78815485717903,70922905711774,xxxx,205
29,2,2015,7,26,2058433040,59553252055641,59188252055641,22473.2031224412,6591724.12719426,1.61486130911597,91595,398900,3.14427643430318,4.35504121404007,146,367058433040,365000000000,6898094051104,59553252055641,52655158004537,xxxx,206
29,3,2015,7,27,3129395773,100569198282740,100184198282740,26990.8124940704,7946817.40587174,1.43550712244253,115943,598388,3.35639064022839,5.16105327617881,154,388129395773,385000000000,11318257407633,100569198282740,89250940875107,xxxx,207
29,4,2015,7,28,2827004901,125007786051656,124660286051656,23710.5166568817,7004326.70449764,1.27249448213481,119230,434602,3.30638262182337,3.64507254885515,139,350327004901,347500000000,12925517936559,125007786051656,112082268115097,xxxx,208
29,5,2015,7,29,3751267942,109112031751705,108749531751705,27427.9651819139,7950155.73178205,1.00736767698667,136768,1443071,3.35375233972859,10.5512327445016,145,366251267942,362500000000,12628776357680,109112031751705,96483255394025,xxxx,209
29,6,2015,7,30,3391926270,105271172454728,104933672454728,26283.4072311936,7575831.19449454,0.850084643025667,129052,1280656,2.91559991321328,9.92356569444875,135,340891926270,337500000000,13280206099445,105271172454728,91990966355283,xxxx,210
30,0,2015,7,31,3852338834,106784288418563,106409288418563,27065.1053422887,7702656.575026,0.767675987995946,142336,1547288,2.8373004721223,10.8706722122302,150,378852338834,375000000000,14438044764092,106784288418563,92346243654471,xxxx,211
30,1,2015,8,1,3312849531,79735639418632,79343139418632,21652.6113137255,6098866.19772635,1.05525975518247,153000,1757677,3.36433333333333,11.4880849673203,157,395812849531,392500000000,5807870980522,79735639418632,73927768438110,xxxx,212
30,2,2015,8,2,2155761138,65313699589313,64936199589313,22126.9374813963,6249156.08686488,1.19687291925712,97427,581203,2.83917189280179,5.96552290432837,151,379655761138,377500000000,6197875599807,65313699589313,59115823989506,xxxx,213
30,3,2015,8,3,2583346065,101080051149619,100690051149619,20560.5117950432,5801869.19869269,2.89061364912265,125646,346872,2.80116358658453,2.76070865765723,156,392583346065,390000000000,12497398070931,101080051149619,88582653078688,xxxx,214
30,4,2015,8,4,3448022106,115737424173546,115394924173546,26452.0299654776,7546410.33294608,0.827009089702359,130350,1344168,2.99373225930188,10.3119907940161,137,345948022106,342500000000,10780348466210,115737424173546,104957075707336,xxxx,215
30,5,2015,8,5,3458434260,126880577937801,126548077937801,25939.6836325998,7323781.71842174,0.783877327705414,133326,1335907,2.94774462595443,10.0198535919476,133,335958434260,332500000000,19782691738612,126880577937801,107097886199189,xxxx,216
30,6,2015,8,6,3723749688,116203105691268,115843105691268,27374.4739248695,7637361.98068389,0.955452823982247,136030,1494609,2.79106814673234,10.987348379034,144,363723749688,360000000000,13278573217936,116203105691268,102924532473332,xxxx,217
31,0,2015,8,7,2641540015,115244715262558,114902215262558,22910.9424004302,6403349.647031,0.858234665482533,115296,671668,2.68295517624202,5.82559672495143,137,345141540015,342500000000,19494745684801,115244715262558,95749969577757,xxxx,218
31,1,2015,8,8,2253431289,127456424129758,127048924129758,22133.6930458698,5786860.2701203,1.63599808836337,101810,327739,2.78099400844711,3.21912385816717,163,409753431289,407500000000,16303870049336,127456424129758,111152554080422,xxxx,219
31,2,2015,8,9,1879879452,123263653209825,122931153209825,20852.3321945159,5553852.02141407,1.13982810528582,90152,313970,2.81450217410595,3.4826737066288,133,334379879452,332500000000,23731466668840,123263653209825,99532186540985,xxxx,220
31,3,2015,8,10,2796428849,125093596872597,124673596872597,24497.4144036022,6490071.36708417,1.06538399694777,114152,338853,3.43256359941131,2.96843682108066,168,422796428849,420000000000,12243527447027,125093596872597,112850069425570,xxxx,221
31,4,2015,8,11,2656409151,119464139424997,119039139424997,22706.4865158263,6163033.67819978,0.914810972797658,116989,324088,2.97901512107976,2.77024335621298,170,427656409151,425000000000,13496438456390,119464139424997,105967700968607,xxxx,222
31,5,2015,8,12,2525080518,131652533040768,131347533040768,21729.7211627827,5826691.24190298,0.913933039708133,116204,327520,2.74314997762555,2.8184916181887,122,307525080518,305000000000,14326155358738,131652533040768,117326377682030,xxxx,223
31,6,2015,8,13,2496066332,153311665839164,152934165839164,21038.8173734207,5568798.68267981,0.90246548009727,118641,327652,2.84462369669844,2.76170969563642,151,379996066332,377500000000,16143194183774,153311665839164,137168471655390,xxxx,224
32,0,2015,8,14,2391836823,139178000333386,138835500333386,21856.2326769315,5821537.10127423,0.86072923995079,109435,309098,2.81676794444191,2.82448942294513,137,344891836823,342500000000,12767406988890,139178000333386,126410593344496,xxxx,225
32,1,2015,8,15,2104531269,100587762168741,100247762168742,21407.7458268485,5607477.01903419,1.90835683289067,98307,321214,2.73147385231977,3.26745806504115,136,342104531268,339999999999,10186962277341,100587762168741,90400799891400,xxxx,226
32,2,2015,8,16,1869886241,115310385394062,114957885394062,21171.2397930301,5481886.4824281,1.1891885404596,88322,323968,2.95665859015874,3.66803287969022,141,354369886241,352500000000,8384078558090,115310385394062,106926306835972,xxxx,227
32,3,2015,8,17,2338705131,151427133600793,151064633600793,20599.523755417,5314870.76328744,1.01246211341566,113532,323192,2.79832998625938,2.84670401296551,145,364838705131,362500000000,12214113875410,151427133600793,139213019725383,xxxx,228
32,4,2015,8,18,2525873071,176907299171370,176557299171370,21400.2632466322,4662815.16713765,0.848258684982742,118030,337635,2.90216046767771,2.86058629162077,140,352525873071,350000000000,13266742636543,176907299171370,163640556534827,xxxx,229
32,5,2015,8,19,2480972462,173878890752571,173468890752571,20082.8291281155,4563185.24713205,1.01586159821491,123537,341794,2.74056355585776,2.7667338530157,164,412480972462,410000000000,14172516722721,173878890752571,159706374029850,xxxx,230
32,6,2015,8,20,2534938436,158958272640230,158598272640230,21710.8611413253,5113426.23172731,0.912600935332199,116759,320467,2.57584426039963,2.74468777567468,144,362534938436,360000000000,12320298168361,158958272640230,146637974471869,xxxx,231
33,0,2015,8,21,2349019885,150092536925487,149697536925487,20458.1033521743,4762659.13404834,0.866405642029695,114821,327789,2.70228442532289,2.85478266170822,158,397349019885,395000000000,14400261483426,150092536925487,135692275442061,xxxx,232
33,1,2015,8,22,2231377115,122621631271818,122216631271818,21350.4393275413,4924247.75967811,1.52516506269335,104512,353322,2.76406537048377,3.38068355786895,162,407231377115,405000000000,14865464861250,122621631271818,107756166410568,xxxx,233
33,2,2015,8,23,2075707557,111466824775085,111121824775085,21620.3772329101,4943998.22884734,1.24903046113763,96007,342480,2.85120876602748,3.56723988875811,138,347075707557,345000000000,9672662392802,111466824775085,101794162382283,xxxx,234
33,3,2015,8,24,2577626954,197300022562303,196910022562303,20998.6554516423,4450789.33832275,0.971732276380294,122752,350682,2.96664005474453,2.8568332898853,156,392577626954,390000000000,14539871918410,197300022562303,182760150643893,xxxx,235
33,4,2015,8,25,2577867202,214400307459664,214067807459664,20780.3696968231,4626854.18819043,0.867584281673705,124053,350456,2.69990246104488,2.82505058321846,133,335077867202,332500000000,16341026576455,214400307459664,198059280883209,xxxx,236
33,5,2015,8,26,2496692122,156800391852927,156400391852927,20415.4915367884,4616283.56570924,1.62796938847948,122294,333634,2.51641944821496,2.72813057059218,160,402496692122,400000000000,13743232367905,156800391852927,143057159485022,xxxx,237
33,6,2015,8,27,2335121986,155435118418301,155097618418301,19954.2144004649,4488498.57500786,0.959763847658619,117024,326234,2.49682116488925,2.78775293956795,135,339835121986,337500000000,13665449812470,155435118418301,141769668605831,xxxx,238
34,0,2015,8,28,2466059629,169605571438646,169215571438646,20243.1385874473,4699865.71331372,0.898743068357521,121822,350146,2.67280950895569,2.87424274761537,156,392466059629,390000000000,13546759949138,169605571438646,156058811489508,xxxx,239
34,1,2015,8,29,2218834254,101130263611911,100722763611911,20006.2597852255,4597962.67985326,2.50176471404957,110907,352666,2.54778327788147,3.17983535755182,163,409718834254,407500000000,8741448590865,101130263611911,92388815021046,xxxx,240
34,2,2015,8,30,1824853224,77272675347162,76895175347162,19209.9923574925,4399464.33505457,1.14696584835814,94995,339302,2.7386388757303,3.57178798884152,151,379324853224,377500000000,9536786411123,77272675347162,67735888936039,xxxx,241
34,3,2015,8,31,2775321399,127730318016396,127337818016396,22106.7164693887,5099786.69245365,1.07477126659857,125542,359650,2.88727278520336,2.86477832119928,157,395275321399,392500000000,12318656805462,127730318016396,115411661210934,xxxx,242
34,4,2015,9,1,2613213716,144581824596154,144196824596154,19427.7982588526,4428674.80359221,0.954806857188919,134509,375234,2.71772892520203,2.78965719765964,154,387613213716,385000000000,14381652237462,144581824596154,130200172358692,xxxx,243
34,5,2015,9,2,5005097676,142935221698818,142550221698818,34823.8848642556,7992157.55200916,0.848439853244958,143726,1826440,2.1646118308448,12.7077912138374,154,390005097676,385000000000,12350566357793,142935221698818,130584655341025,xxxx,244
34,6,2015,9,3,3097404502,124324567722833,123952067722833,23503.6461330662,5337845.36084661,1.12133026899065,131784,671515,2.60379105202452,5.09557305894494,149,375597404502,372500000000,14808651435787,124324567722833,109515916287046,xxxx,245
35,0,2015,9,4,2402810489,114159870201736,113767370201736,23369.3236561336,5402463.42033654,1.24045188533459,102819,297553,2.69099096470497,2.89394956185141,157,394902810489,392500000000,10040120050563,114159870201736,104119750151173,xxxx,246
35,1,2015,9,5,2946391000,94064879180178,93689879180178,23074.2019860289,5443273.46954028,2.84017968302533,127692,405067,2.59079660432917,3.17221908968455,150,377946391000,375000000000,9781387911353,94064879180178,84283491268825,xxxx,247
35,2,2015,9,6,2099177131,93850425831509,93495425831509,20538.2859560895,4945731.57883045,1.39174022934946,102208,346068,2.68600305259862,3.38591891045711,142,357099177131,355000000000,8791331449316,93850425831509,85059094382193,xxxx,248
35,3,2015,9,7,3045599428,106429139647725,106051639647725,23454.7510820177,5644001.71135452,1.38798746078666,129850,378318,2.86603003465537,2.91350019252984,151,380545599428,377500000000,11098498516813,106429139647725,95330641130912,xxxx,249
35,4,2015,9,8,2578851085,139594366165513,139249366165513,20627.1782966198,5036640.30165136,1.29094278515202,125022,382133,4.03696949336917,3.05652605141495,138,347578851085,345000000000,14902008489395,139594366165513,124692357676118,xxxx,250
35,5,2015,9,9,2659478781,132764144741560,132404144741560,20984.0677697297,5009368.14515723,1.27480193435503,126738,349914,4.62400385046316,2.76092411115845,144,362659478781,360000000000,13537217909808,132764144741560,119226926831752,xxxx,251
35,6,2015,9,10,2770334652,135590919499781,135170919499781,22843.4108596166,5453875.1522066,2.03564719020523,121275,326207,5.71303236446094,2.68981240981241,168,422770334652,420000000000,15997858515642,135590919499781,119593060984139,xxxx,252
36,0,2015,9,11,3633065863,125137290593800,124729790593800,20857.3930338833,5023398.82185868,12.1080913643291,174186,429702,3.62785757753206,2.4669146774138,163,411133065863,407500000000,15008722450059,125137290593800,110128568143741,xxxx,253
36,1,2015,9,12,3192317134,83081696081595,82721696081595,21295.4593812122,5033220.84706387,9.2513280786663,149906,395981,3.73706856296613,2.64152869131322,144,363192317134,360000000000,8491125057607,83081696081595,74590571023988,xxxx,254
36,2,2015,9,13,2452231782,83334784328885,82974784328885,17648.1765658398,4068766.7509229,12.8434925888992,138951,430292,3.49896006505891,3.09671754791257,144,362452231782,360000000000,10062962912077,83334784328885,73271821416808,xxxx,255
36,3,2015,9,14,3075114989,125268718148362,124893718148362,18792.8705204361,4340190.78348204,12.1990851452774,163632,381532,3.88188740588638,2.33164662168769,150,378075114989,375000000000,17083899964889,125268718148362,108184818183473,xxxx,256
36,4,2015,9,15,2917575338,132926735329872,132519235329872,17505.5220500882,4033247.65884544,11.5251760109871,166666,411758,4.00249000996004,2.47055788223153,163,410417575338,407500000000,16616923246505,132926735329872,116309812083367,xxxx,257
36,5,2015,9,16,2670181277,146050414065593,145687914065593,16188.2147915075,3707801.99063294,10.8458068178554,164946,383029,3.25704169849527,2.32214785444933,145,365170181277,362500000000,15418804260837,146050414065593,130631609804756,xxxx,258
36,6,2015,9,17,2676558507,132205261869062,131847761869062,10461.5999742032,2439673.35648977,24.5265779013989,255846,486593,2.20584257717533,1.90189801677572,143,360176558507,357500000000,14565310262138,132205261869062,117639951606924,xxxx,259
37,0,2015,9,18,2561480915,125156718634116,124789218634116,15000.6495449701,3497778.34352735,9.2365229580397,170758,426942,2.54316635238173,2.50027524332681,147,370061480915,367500000000,16116743246991,125156718634116,109039975387125,xxxx,260
37,1,2015,9,19,2209709611,115214938837317,114897438837317,19159.0550223263,4449528.79389531,2.34707188277488,115335,310289,2.5651190011705,2.69032817444835,127,319709709611,317500000000,11087765636990,115214938837317,104127173200327,xxxx,261
37,2,2015,9,20,2084275306,91082272188471,90772272188471,19309.9307565454,4467590.40737238,1.456468159381,107938,409532,2.62139376308622,3.79414108099094,124,312084275306,310000000000,7074316740542,91082272188471,84007955447929,xxxx,262
37,3,2015,9,21,2769675665,161008349399130,160683349399130,21360.5705945412,4844010.33742879,1.43328735015232,129663,391282,3.10541943345442,3.01768430469756,130,327769675665,325000000000,16866706412577,161008349399130,144141642986553,xxxx,263
37,4,2015,9,22,2881112949,152316988005182,151911988005182,20873.8485709111,4814058.66099804,1.29872797152351,138025,449971,2.85747509509147,3.26006882811085,162,407881112949,405000000000,16504679266326,152316988005182,135812308738856,xxxx,264
37,5,2015,9,23,2580914218,126868663174505,126481163174505,19458.4785391708,4478026.95270623,1.14941266385979,132637,350299,2.91173654410157,2.64103530689023,155,390080914218,387500000000,14136689420714,126868663174505,112731973753791,xxxx,265
37,6,2015,9,24,2398897356,121314750987701,120972250987701,19269.4900555859,4515224.40402847,1.22885683362368,124492,339955,2.67249301159914,2.7307377180863,137,344898897356,342500000000,11620301004992,121314750987701,109694449982709,xxxx,266
38,0,2015,9,25,2719636021,139237113848735,138819613848735,21089.4796017277,4967378.53061912,1.15725419664836,128957,360932,2.75858619539847,2.79885543243097,167,420219636021,417500000000,13942939878621,139237113848735,125294173970114,xxxx,267
38,1,2015,9,26,2555948040,104149919766822,103769919766822,21604.0034147867,5068122.26834279,2.50625137079716,118309,357179,2.7508727146709,3.01903490013439,152,382555948040,380000000000,8086335935347,104149919766822,96063583831475,xxxx,268
38,2,2015,9,27,2103575336,74376258013242,74016258013242,19780.2978551346,4613622.3400173,1.60400378577342,106347,349711,2.86151936584953,3.28839553537006,144,362103575336,360000000000,5059553602729,74376258013242,69316704410513,xxxx,269
38,3,2015,9,28,2632721615,147079470338611,146729470338611,19322.7274495413,4637788.35939123,1.11044837471112,136250,371657,2.80711926605505,2.72775779816514,140,352632721615,350000000000,10612377578296,147079470338611,136467092760315,xxxx,270
38,4,2015,9,29,2726211401,166035726439446,165610726439446,19642.5661678351,4661892.53148781,1.02485770471568,138791,380415,2.87341398217464,2.74091980027523,170,427726211401,425000000000,13860554257012,166035726439446,152175172182434,xxxx,271
38,5,2015,9,30,2678491496,150056459793544,149671459793544,19006.3685622241,4499564.88595388,1.14837293937721,140926,386736,2.82104082993912,2.74424875466557,154,387678491496,385000000000,12371602848593,150056459793544,137684856944951,xxxx,272
38,6,2015,10,1,2958450293,147289642704494,146907142704494,21696.1989248889,5168681.5297375,0.945184469075628,136358,363663,2.58061133193505,2.66697223485237,153,385458450293,382500000000,9532261640577,147289642704494,137757381063917,xxxx,273
39,0,2015,10,2,2533688017,184243549783539,183918549783539,18329.6415151669,4361300.07894058,1.0311674621113,138229,380139,2.64607282118803,2.75006691794052,130,327533688017,325000000000,10912468554904,184243549783539,173331081228635,xxxx,274
39,1,2015,10,3,2248681768,106976784802360,106614284802360,18282.114228571,4382879.11809848,2.17173909646205,122999,307629,2.43384092553598,2.50106911438304,145,364748681768,362500000000,4585795641443,106976784802360,102390989160917,xxxx,275
39,2,2015,10,4,1947691952,87311765995668,86916765995668,18704.0674528483,4479940.66675937,1.27848830107244,104132,393682,2.61930050320747,3.78060538547229,158,396947691952,395000000000,2339924830306,87311765995668,84971841165362,xxxx,276
39,3,2015,10,5,2300336674,131785669162929,131408169162929,18624.3982285122,4487757.51485517,1.17017037280401,123512,330287,2.60968165036596,2.67412882958741,151,379800336674,377500000000,3702498368961,131785669162929,128083170793968,xxxx,277
39,4,2015,10,6,2534987913,177768893829233,177403893829233,17888.434299384,4417378.80040413,1.30581755537907,141711,365290,2.66426741749053,2.57771097515366,146,367534987913,365000000000,3395520797614,177768893829233,174373373031619,xxxx,278
39,5,2015,10,7,2517197228,145646189856581,145316189856581,18365.3910493062,4476279.02379822,1.21342759166326,137062,356265,3.71506325604471,2.59929812785455,132,332517197228,330000000000,9739273609753,145646189856581,135906916246828,xxxx,279
39,6,2015,10,8,2687724174,202432040335881,202089540335881,19053.4954417207,4630563.96133089,1.10357509607045,141062,367757,3.55320355588323,2.60705930725497,137,345187724174,342500000000,18385717421204,202432040335881,184046322914677,xxxx,280
40,0,2015,10,9,2368611654,132527477186054,132197477186054,20213.4464413722,4941154.34606892,1.10275321984385,117180,297433,3.59126984126984,2.53825738180577,132,332368611654,330000000000,5594335395076,132527477186054,126933141790978,xxxx,281
40,1,2015,10,10,2460677897,118722856124092,118337856124092,19405.3649490552,4772864.39094353,2.97771470856741,126804,380678,4.29854736443645,3.0020977256238,154,387460677897,385000000000,3551857939391,118722856124092,115170998184701,xxxx,282
40,2,2015,10,11,1958431268,98754455348131,98371955348131,18595.938546266,4621614.56531343,1.44126173679103,105315,336346,4.28518254759531,3.19371409580781,153,384458431268,382500000000,2900064665199,98754455348131,95854390682932,xxxx,283
40,3,2015,10,12,2474050812,142020433503687,141685433503687,18780.2273620927,4621694.63697998,1.18550691843921,131737,332942,3.17819595102363,2.52732337915696,134,337474050812,335000000000,3160324330194,142020433503687,138860109173493,xxxx,284
40,4,2015,10,13,2490686589,165620579164914,165280579164914,18724.714237385,4690003.50118835,1.098394483127,133016,334644,2.99367745233656,2.51581764599747,136,342490686589,340000000000,3701007673938,165620579164914,161919571490976,xxxx,285
40,5,2015,10,14,2715334187,169238619643830,168851119643830,19105.3881610425,4836382.29714815,1.0628966081652,142124,351099,2.995503926149,2.47037094368298,155,390215334187,387500000000,12521478199260,169238619643830,156717141444570,xxxx,286
40,6,2015,10,15,2847353162,202990361970852,202580361970852,18565.6181707929,4728533.08854317,0.92682608579457,153367,429703,3.042564567345,2.80179569268487,164,412847353162,410000000000,19595949105628,202990361970852,183394412865224,xxxx,287
41,0,2015,10,16,2804358470,179361691069068,179001691069068,19483.2355127591,5118974.02889695,0.883861629074609,143937,392569,2.91749862787192,2.72736683410103,144,362804358470,360000000000,15895427554274,179361691069068,163466263514794,xxxx,288
41,1,2015,10,17,2750869283,159415269766598,159075269766598,20114.2808894284,5469695.34275497,2.33504902167348,136762,430983,3.09256957341952,3.1513358973984,136,342750869283,340000000000,13176655784446,159415269766598,146238613982152,xxxx,289
41,2,2015,10,18,2291317833,108397989332543,108027989332543,19003.8884391769,5007176.65991998,1.46049031189404,120571,383734,3.26848910600393,3.18263927478415,148,372291317833,370000000000,8824148295908,108397989332543,99573841036635,xxxx,290
41,3,2015,10,19,2789965680,145662938417795,145245438417795,19698.2785328485,5207490.70067243,1.09163219442876,141635,384037,3.09998940939739,2.71145550181805,167,420289965680,417500000000,12303906112343,145662938417795,133359032305452,xxxx,291
41,4,2015,10,20,3114659997,157060021374679,156742521374679,21513.0542685454,5826428.22535126,1.14916006002789,144780,418583,2.95526315789474,2.89116590689322,127,320614659997,317500000000,17030659763567,157060021374679,140029361611112,xxxx,292
41,5,2015,10,21,2911125500,143015414753408,142665414753408,19116.6749845681,5124037.80490806,0.951962398481721,152282,418823,2.82467396015287,2.7503119213039,140,352911125500,350000000000,18899847116937,143015414753408,124115567636471,xxxx,293
41,6,2015,10,22,2972071848,158064633798098,157669633798098,19878.882528811,5474941.39796429,0.913743325288774,149509,406643,2.85676447571718,2.71985632971928,158,397972071848,395000000000,15037817333157,158064633798098,143026816464941,xxxx,294
42,0,2015,10,23,2841796064,145072097101137,144712097101137,20113.0720569605,5603759.28413425,0.986044692475317,141291,391699,2.88549872249471,2.77228556666737,144,362841796064,360000000000,11913496830692,145072097101137,133158600270445,xxxx,295
42,1,2015,10,24,2701763662,138043686460689,137688686460689,19170.825879331,5437059.85775132,2.29077121776676,140931,445792,2.6953402728995,3.16319333574586,142,357701763662,355000000000,14101249653840,138043686460689,123942436806849,xxxx,296
42,2,2015,10,25,2612609928,145710487940019,145305487940019,18902.643205464,5407094.97209034,1.51898361198367,138214,423035,3.23526560261623,3.06072467333266,162,407612609928,405000000000,15880591215326,145710487940019,129829896724693,xxxx,297
42,3,2015,10,26,2624286433,152931434033730,152526434033730,22840.5378168082,6548459.16311654,1.23744850166368,114896,343861,3.57921946804066,2.99280218632502,162,407624286433,405000000000,9648624131563,152931434033730,143282809902167,xxxx,298
42,4,2015,10,27,2887005985,184406070418915,184031070418915,18938.0168913379,5597375.6918712,1.3776935302255,152445,402584,2.69535242218505,2.64084751877726,150,377887005985,375000000000,8330047256421,184406070418915,176076023162494,xxxx,299
42,5,2015,10,28,3011151507,201059662881733,200719662881733,18813.2298709818,5727539.25864104,0.990429516789811,160055,404571,2.59931898409922,2.52769985317547,136,343011151507,340000000000,7491871115998,201059662881733,193567791765735,xxxx,300
42,6,2015,10,29,3423023349,235768298481211,235385798481211,21045.3326098986,6626742.9057214,1.27405196898037,162650,427200,2.86925914540424,2.62649861666154,153,385923023349,382500000000,20300646237964,235768298481211,215467652243247,xxxx,301
43,0,2015,10,30,3179482224,256168165172261,255750665172261,19338.7398820023,6352627.20889284,1.36302499491832,164410,441858,2.65933337388237,2.68753725442491,167,420679482224,417500000000,16060558481902,256168165172261,240107606690359,xxxx,302
43,1,2015,10,31,2877051257,187086793069797,186714293069797,18276.5074959662,5741007.43755503,2.14958975278155,157418,454149,2.51188555311337,2.88498773964858,149,375377051257,372500000000,14215802074296,187086793069797,172870990995501,xxxx,303
43,2,2015,11,1,2672734753,170303581909538,169928581909538,17899.735147371,5904303.23557636,1.41993549117949,149317,444011,2.74700134612938,2.97361318537072,150,377672734753,375000000000,6774857310795,170303581909538,163528724598743,xxxx,304
43,3,2015,11,2,3344349736,258386244662257,257991244662257,19265.9081854265,7024670.74252034,1.15764578105079,173589,460212,2.83322675976012,2.65115877158115,158,398344349736,395000000000,19386153105571,258386244662257,239000091556686,xxxx,305
43,4,2015,11,3,3419743018,341032533571463,340650033571463,18584.3478577484,7450894.27639235,0.933038105596563,184012,511531,2.90639197443645,2.77987848618568,153,385919743018,382500000000,26887806603946,341032533571463,314144726967517,xxxx,306
43,5,2015,11,4,4504168940,1123710444414460,1123317944414460,21901.0451230186,8880472.81845496,0.902662844962432,205660,545513,3.06397938344841,2.65249927064086,157,397004168940,392500000000,21692440072837,1123710444414460,1102018004341623,xxxx,307
43,6,2015,11,5,3423074060,378818708233227,378453708233227,18675.0141027949,7177577.67919322,0.8405999115669,183297,500059,2.9776482975717,2.72813521225116,146,368423074060,365000000000,21531832404941,378818708233227,357286875828286,xxxx,308
44,0,2015,11,6,3241232551,282130215144988,281775215144988,19490.7427178044,7269567.5799195,0.830849454944457,166296,527719,2.79551522586232,3.17337157839034,142,358241232551,355000000000,12460493090798,282130215144988,269669722054190,xxxx,309
44,1,2015,11,7,2586758955,228101196660977,227718696660977,16992.5504010405,6567698.04727407,2.22561774888488,152229,421342,2.71737316805602,2.76781690742237,153,385086758955,382500000000,15957577080814,228101196660977,212143619580163,xxxx,310
44,2,2015,11,8,2349077645,195005115130899,194647615130899,17594.5056998622,6552196.03659676,1.39117451681175,133512,427931,2.84741446461741,3.20518754868476,143,359849077645,357500000000,15757797696983,195005115130899,179247317433916,xxxx,311
44,3,2015,11,9,2963998836,307794972920087,307424972920087,18585.9779651983,7071883.42972214,1.06475861311427,159475,459776,2.96121649161311,2.88306004075874,148,372963998836,370000000000,21233038549262,307794972920087,286561934370825,xxxx,312
44,4,2015,11,10,2904110550,290759092533697,290396592533697,18045.7997265892,6096421.63931243,0.873094680865362,160930,432102,2.7728453364817,2.68503075871497,145,365404110550,362500000000,17091503338286,290759092533697,273667589195411,xxxx,313
44,5,2015,11,11,2824207907,344323922838466,343901422838466,17538.2870813694,5417965.82905678,0.852338457287874,161031,443570,2.81126615372195,2.75456278604741,169,425324207907,422500000000,15875520332693,344323922838466,328448402505773,xxxx,314
44,6,2015,11,12,2575264788,301679234277088,301284234277088,16366.5786754285,5524096.30252269,0.898377879181522,157349,432862,2.64759229483505,2.75096759432853,158,397575264788,395000000000,19854224725517,301679234277088,281825009551571,xxxx,315
45,0,2015,11,13,2595592061,288179119015687,287776619015687,16561.5480781501,5585861.644726,0.88650561564003,156724,432184,2.60100558944386,2.75761210790945,161,405095592061,402500000000,18921794074688,288179119015687,269257324940999,xxxx,316
45,1,2015,11,14,2446119979,309502045577256,309137045577256,16236.782400616,5407613.66018088,1.96494176877978,150653,467073,2.52454979323346,3.1003232594107,146,367446119979,365000000000,18511335967626,309502045577256,290990709609630,xxxx,317
45,2,2015,11,15,2247034335,215395644689949,215005644689949,16076.5418792167,5143335.92958673,1.22857984021105,139771,461357,2.75858368331056,3.30080631890736,156,392247034335,390000000000,12767111952646,215395644689949,202628532737303,xxxx,318
45,3,2015,11,16,2811494261,268859261559950,268421761559950,17550.3399647931,5811491.86785108,0.867834134133508,160196,419690,2.93172114160154,2.61985317985468,175,440311494261,437500000000,11998759744643,268859261559950,256860501815307,xxxx,319
45,4,2015,11,17,2513182589,184050053146857,183685053146857,16614.1060171351,5579844.14548972,0.926651446321893,151268,435894,2.64214506703334,2.8816008673348,146,367513182589,365000000000,7272766500148,184050053146857,176777286646709,xxxx,320
45,5,2015,11,18,2836150725,190799053411235,190409053411235,16694.4346502949,5605064.69653105,0.836749377769468,169886,493767,2.83290559551699,2.9064608031268,156,392836150725,390000000000,10422872705401,190799053411235,180376180705834,xxxx,321
45,6,2015,11,19,2556022070,203758794776880,203431294776880,16676.5973119332,5440442.14377963,0.917503008151764,153270,407873,2.67289750114178,2.66114047106414,131,330056022070,327500000000,10554061761773,203758794776880,193204733015107,xxxx,322
46,0,2015,11,20,2611564238,225892966810804,225470466810804,16533.805866302,5322900.99121828,0.9707161587072,157953,430099,2.77204611498357,2.72295556273069,169,425111564238,422500000000,8954019192105,225892966810804,216938947618699,xxxx,323
46,1,2015,11,21,2398578585,149921951398275,149476951398275,15778.4613790654,5142283.33348848,2.07448061975889,152016,441282,2.72614724765814,2.90286548784338,178,447398578585,445000000000,7611347020954,149921951398275,142310604377321,xxxx,324
46,2,2015,11,22,2290693309,112790796555235,112365796555235,17887.6566375137,5790538.13883651,1.85389214372255,128060,430964,2.97893955958145,3.36532875214743,170,427290693309,425000000000,6552603746633,112790796555235,106238192808602,xxxx,325
46,3,2015,11,23,2587573505,135190997137167,134785997137167,17693.4151936818,5715195.06533483,0.98812394379685,146245,393165,2.95212144004923,2.68839960340524,162,407587573505,405000000000,8972727447303,135190997137167,126218269689864,xxxx,326
46,4,2015,11,24,2489105003,142121890764380,141736890764380,16501.2960694232,5279777.28260646,0.872571352510922,150843,436954,2.63715916548995,2.89674694881433,154,387489105003,385000000000,9312290974466,142121890764380,132809599789914,xxxx,327
46,5,2015,11,25,2587766245,190633590702800,190253590702800,16825.8564536369,5535041.26405553,0.876190586251282,153797,415300,2.72993621462057,2.7003127499236,152,382587766245,380000000000,10546718526735,190633590702800,180086872176065,xxxx,328
46,6,2015,11,26,2855941900,208482202165129,208047202165129,17609.0531858484,6273318.11516614,0.853933802837987,162186,434004,2.96103856066492,2.67596463319892,174,437855941900,435000000000,10304124475719,208482202165129,198178077689410,xxxx,329
47,0,2015,11,27,2672442104,221427486049783,221107486049783,16586.9653978165,5959179.63286138,0.843727957301179,161117,424403,2.6204187019371,2.63412923527623,128,322672442104,320000000000,10857074647489,221427486049783,210570411402294,xxxx,330
47,1,2015,11,28,2679814407,197918168629864,197520668629864,16026.0645332983,5714370.94416362,1.90182684973647,167216,511709,2.56317577265333,3.06016768730265,159,400179814407,397500000000,8722815320020,197918168629864,189195353309844,xxxx,331
47,2,2015,11,29,2138544876,134502654684941,134135154684941,17044.9517873511,6335738.19096215,2.18331593365717,125465,326555,2.8310763958076,2.60275774120273,147,369638544876,367500000000,13359512552600,134502654684941,121143142132341,xxxx,332
47,3,2015,11,30,3455727337,242347388042748,241934888042748,18727.8948261192,7067717.04476518,0.930185157812697,184523,568058,3.02225196858928,3.07852137673894,165,415955727337,412500000000,33526164753659,242347388042748,208821223289089,xxxx,333
47,4,2015,12,1,3144629858,253455953621493,253030953621493,17596.4694249838,6379289.83286789,0.916414754122123,178708,493695,2.73687803567831,2.76257917944356,170,428144629858,425000000000,21035585476255,253455953621493,232420368145238,xxxx,334
47,5,2015,12,2,3249741102,275566211578708,275171211578708,17723.0893096716,6366530.749133,0.848742226993101,183362,506918,2.87157644441051,2.76457499372825,158,398249741102,395000000000,15110089883468,275566211578708,260456121695240,xxxx,335
47,6,2015,12,3,2967988467,206900108501439,206547608501439,18007.1256256712,6504355.25291557,1.05838735469949,164823,409098,2.87617626180812,2.48204437487487,141,355467988467,352500000000,8202568748376,206900108501439,198697539753063,xxxx,336
48,0,2015,12,4,2858467418,268550503448825,268165503448825,16423.5374237993,5965712.72428628,2.13012355842423,174047,471073,2.61621286204301,2.70658500290151,154,387858467418,385000000000,8001779291703,268550503448825,260548724157122,xxxx,337
48,1,2015,12,5,3117566447,488131872508418,487699372508418,16717.6081969499,6509217.23419769,1.68068083236804,186484,544800,2.59218485231977,2.92143025675125,173,435617566447,432500000000,13825512668695,488131872508418,474306359839723,xxxx,338
48,2,2015,12,6,3035073438,553347753148865,552955253148865,16959.8864413599,6670647.67493044,1.11106850240873,178956,525850,2.57904736359776,2.93843179328997,157,395535073438,392500000000,20845534269619,553347753148865,532502218879246,xxxx,339
48,3,2015,12,7,3260635261,318230157101495,317857657101495,17114.3089790627,6766083.80081017,0.751944727954148,190521,487178,2.67364752441988,2.5570829462369,149,375760635261,372500000000,14389818522080,318230157101495,303840338579415,xxxx,340
48,4,2015,12,8,3275057877,296949469416617,296521969416617,16838.343840617,6967684.38176147,0.81801320384572,194500,553971,2.79133676092545,2.84817994858612,171,430775057877,427500000000,14949054113262,296949469416617,282000415303355,xxxx,341
48,5,2015,12,9,3730640226,390991096891185,390556096891185,16869.8092456013,7045383.1836434,0.746423714783449,221143,577232,2.6645428523625,2.61022053603325,174,438730640226,435000000000,18336994047684,390991096891185,372654102843501,xxxx,342
48,6,2015,12,10,3571153029,329417437347633,328887437347633,16893.8304397601,7023270.82796272,0.70884741351619,211388,568986,2.70016273393002,2.69166650897875,212,533571153029,530000000000,21258722445317,329417437347633,308158714902316,xxxx,343
49,0,2015,12,11,4318112336,372864558490676,372472058490676,20508.6289592545,9308076.85092948,0.696152213341207,210551,539260,2.39497793883667,2.5611847010938,157,396818112336,392500000000,19988909841802,372864558490676,352875648648874,xxxx,344
49,1,2015,12,12,3752990149,342331928598800,341909428598800,18199.0512464904,7932160.35478671,1.62172130175963,206219,598483,2.76997269892687,2.90217196281623,169,426252990149,422500000000,32595265948645,342331928598800,309736662650155,xxxx,345
49,2,2015,12,13,3255034369,516769841658021,516427341658021,17394.5084647037,7556234.71132934,1.02963068628768,187130,533013,2.49489659594934,2.84835675733447,137,345755034369,342500000000,18552279185697,516769841658021,498217562472324,xxxx,346
49,3,2015,12,14,4097010261,486650491729551,486157991729551,17642.1889737672,7815343.21568532,0.920832046655,232228,632879,2.75655821003497,2.72524846271767,197,496597010261,492500000000,17096464425624,486650491729551,469554027303927,xxxx,347
49,4,2015,12,15,3982417398,435927531161133,435465031161133,17835.0205023019,8286468.92216839,0.938149219614554,223292,603690,2.51302778424664,2.7035899181341,185,466482417398,462500000000,18284027047434,435927531161133,417643504113699,xxxx,348
49,5,2015,12,16,3778108831,444653384833538,444248384833538,17014.446240312,7726983.02615791,0.854415633221273,222053,570499,2.53474620923833,2.56920194728286,162,408778108831,405000000000,18677168667891,444653384833538,425976216165647,xxxx,349
49,6,2015,12,17,3788074862,418686124674634,418288624674634,17329.4304549114,7906381.92810001,0.746776093289318,218592,553190,2.45225808812765,2.53069645732689,159,401288074862,397500000000,16322652236089,418686124674634,402363472438545,xxxx,350
50,0,2015,12,18,3790256302,407365264465936,406940264465936,17612.9606918312,8157897.02980937,0.693066049741363,215197,547471,2.42681821772608,2.54404568836926,170,428790256302,425000000000,15220686470103,407365264465936,392144577995833,xxxx,351
50,1,2015,12,19,3501803636,388658491261297,388283491261297,16548.6972770148,7635567.33468614,1.62967938725639,211606,606615,2.32991503076472,2.86671928017164,150,378501803636,375000000000,16750609620223,388658491261297,371907881641074,xxxx,352
50,2,2015,12,20,3297020651,392323308075148,391913308075148,17192.1295841481,7601568.82370998,0.951160524177432,191775,552885,2.43208447399296,2.88298787641768,164,413297020651,410000000000,17959153764668,392323308075148,374364154310480,xxxx,353
50,3,2015,12,21,4130661428,532598542090436,532218542090436,18098.2821565492,7920534.72390781,0.919076793490112,228235,618925,2.53488728722589,2.71178828838697,152,384130661428,380000000000,25641949331532,532598542090436,506956592758904,xxxx,354
50,4,2015,12,22,3933893439,477893478171254,477518478171254,17390.9101474775,7569712.92424342,0.729338513250309,226204,585953,2.45660112111192,2.59037417552298,150,378933893439,375000000000,17704919691027,477893478171254,460188558480227,xxxx,355
50,5,2015,12,23,3945143645,447821272489930,447428772489930,18168.6637422861,8042645.11710597,0.666737658388368,217140,545237,2.47386939301833,2.51099290780142,157,396445143645,392500000000,23073417140130,447821272489930,424747855349800,xxxx,356
50,6,2015,12,24,3663404196,469025559006488,468680559006488,17232.0076201945,7855705.42878877,0.607212637114867,212593,553595,2.38801371635002,2.60401330241353,138,348663404196,345000000000,23432483083739,469025559006488,445593075922749,xxxx,357
51,0,2015,12,25,3019580415,394805524621479,394398024621479,16399.8892853651,7473737.91494117,0.6081331216824,184122,474527,2.40601883533744,2.57724226328195,163,410519580415,407500000000,18103815883400,394805524621479,376701708738079,xxxx,358
51,1,2015,12,26,3101308347,271193059424033,270765559424033,17472.7503295886,7307480.30625589,1.68889623561426,177494,537270,2.54184366795497,3.02697555973723,171,430601308347,427500000000,12958586983422,271193059424033,258234472440611,xxxx,359
51,2,2015,12,27,2690278918,144400809619459,143895809619459,16939.0629576693,7160241.91638436,1.23135078654859,158821,493895,2.79141297435478,3.10975878504732,202,507690278918,505000000000,8822286839510,144400809619459,135578522779949,xxxx,360
51,3,2015,12,28,3086796538,211351110168175,210971110168175,17842.5482826788,7512656.56717216,0.986468923585574,173002,476756,2.71791655587797,2.75578317013676,152,383086796538,380000000000,20454787219133,211351110168175,190896322949042,xxxx,361
51,4,2015,12,29,3166502821,218514700541035,218107200541035,17110.3122217179,7380362.77353869,0.84825589138266,185064,481512,2.77757424458566,2.60186746206718,163,410666502821,407500000000,13007403909109,218514700541035,205507296631926,xxxx,362
51,5,2015,12,30,3125912067,232187937416504,231775437416504,17407.4725431997,7416343.03509455,0.816440387880704,179573,495717,2.59814114594065,2.76053192851932,165,415625912067,412500000000,11059785184697,232187937416504,221128152231807,xxxx,363
51,6,2015,12,31,2547948374,115572656008852,115220156008852,16458.1263580813,7071680.90298526,0.781071415666494,154814,394296,2.55179764104022,2.54690144302195,141,355047948374,352500000000,8965105781840,115572656008852,106607550227012,xxxx,364
