,Source,Target,value,nb_transactions
0,19,1,2245358,1
1,12,176,85364891,2
2,12,2272,52334920740,1
3,105,61,39517444117,4
4,833,2187,16419000,1
5,0,218,335821,1
6,1313,56,10990017,1
7,502,30,99690000,1
8,28,762,295846052,14
9,44,2636,2513023,1
10,38,93,32440836670,1
11,1107,1067,16080493,1
12,12,2222,46362546,1
13,164,2826,33313074,2
14,74,0,73476052,1
15,55,1313,624305335,7
16,988,2313,9990000,1
17,270,2210,55862122486,4
18,1107,1440,4083280,1
19,12,1098,198033057,2
20,85,2636,67758988,2
21,19,95,11962422668,1
22,152,204,796575648,5
23,12,850,9839525821745,197
24,2636,1107,762332269,2
25,12,1267,52334920740,1
26,955,2210,496823934,1
27,2851,425,77543467,1
28,330,529,1271001,1
29,145,762,314836256,1
30,28,304,14487943,1
31,478,1457,98778180,1
32,1313,564,57990496,1
33,19,1984,1029421,1
34,40,73,3769295,1
35,44,2210,96510000,1
36,380,139,82424984,1
37,1130,762,2261042769,1
38,1592,102,40700000,1
39,12,46,44035624,1
40,53,28,73326000,1
41,2589,2945,1386758,1
42,28,1015,11941555,1
43,1313,1281,999990000,1
44,149,93,200000,2
45,102,95,65367698,1
46,12,139,108649705,3
47,12,2990,471014286660,9
48,1188,2233,29660000,2
49,762,750,148586156,1
50,1770,1642,49306036,2
51,12,1,544982071,7
52,28,478,29386164,2
53,704,38,34304924,1
54,132,2229,3812950000,2
55,164,2634,60466872,3
56,2206,67,7160654,4
57,1467,2636,13780000,1
58,1320,2,17262630,1
59,12,456,41313208,1
60,762,5,216440586,1
61,239,56,10000000,1
62,2267,28,600000000,1
63,56,118,145185391,1
64,552,0,1016261,1
65,12,95,7916245214,21
66,323,30,110290359,1
67,636,2636,18992995,1
68,12,1067,45221406,1
69,64,2613,1555157699,1
70,1107,529,51507198,2
71,268,188,7517888,1
72,164,1520,16996825,1
73,531,2133,4695916,1
74,28,1057,14487943,1
75,2,12,4090000,1
76,12,2606,145144827,3
77,338,0,2171742000,3
78,6,74,99990000,1
79,85,146,19413535,3
80,12,306,54235806,1
81,44,0,4237430,1
82,12,138,1622549016652,34
83,12,2563,141251084,2
84,56,116,88963960,1
85,23,670,23551759,1
86,12,272,52972168,1
87,461,2500,459339737,1
88,216,2206,28402044,5
89,297,984,191247934,1
90,79,871,2008530,1
91,222,12,26082988,1
92,164,46,9173600,1
93,1313,37,1192171,1
94,56,2229,374587285,2
95,552,2,1150280,1
96,12,2325,67083871,4
97,529,1457,178259645,1
98,113,218,72152361,2
99,1052,102,2539454,1
100,305,11,84585128,2
101,896,73,211974,1
102,164,56,49447885,3
103,12,118,213977811,1
104,675,11,12612378,2
105,28,2225,14487943,1
106,28,30,27007760,3
107,12,2289,45397945,1
108,51,14,470926987,2
109,1313,323,23350907,5
110,1436,52,132689313,1
111,1752,36,3000000000,2
112,38,2272,4019211864,1
113,376,113,134035193,1
114,12,3034,52334920740,1
115,12,3082,4848445211,1
116,93,37,81175490,2
117,2636,2210,1549518752,11
118,529,735,22950000,1
119,12,1692,3635686288,56
120,105,636,59423434705,6
121,36,575,10634568,2
122,6,2964,99990000,1
123,154,28,4905390,1
124,12,2270,2494910168,47
125,12,28,88876303126,31
126,127,146,7928235,1
127,93,2246,183990000,1
128,414,11,5685826,1
129,12,115,767854374,6
130,762,38,31127401263,2
131,113,1305,77084539,7
132,12,75,348594181,28
133,2298,227,93027077,1
134,38,663,4019211864,1
135,328,762,1841048260,6
136,12,16,1993791832341,43
137,76,1919,1301022,1
138,1578,2552,8919271,1
139,942,0,1761623,1
140,2636,2541,110788691,2
141,984,2550,171937389,2
142,11,532,98832800,1
143,23,87,13381636,1
144,12,954,47684772,1
145,735,2210,8084402,1
146,105,2430,990998600,1
147,88,1960,2977643315,1
148,12,752,4848445211,1
149,2550,48,6590442571,3
150,150,2504,5019167798,2
151,1313,268,2335729,1
152,12,2230,44536904,1
153,28,1440,14487943,1
154,247,984,12178698,2
155,0,1440,50381641,2
156,86,93,1296777,1
157,216,2141,16550192,2
158,2206,1107,19751398,3
159,323,61,1131085446,2
160,1897,0,82773292,1
161,19,762,51324685662,4
162,2131,2552,3815610,1
163,2212,2372,156284270,1
164,337,2187,72714899,3
165,76,461,154000000,5
166,225,323,1039166,1
167,28,1776,1140504753,77
168,563,1984,300000,1
169,178,2636,3610088,1
170,150,2329,2510458189,1
171,762,2041,2992173228,3
172,461,1688,12097364,1
173,1058,0,2375911,1
174,12,504,201509088273,300
175,12,1457,131683713457,20
176,73,113,8358362,6
177,0,2541,5414230,3
178,75,275,25928270,3
179,2327,382,349538950,6
180,55,12,475583074,6
181,461,11,19488937,2
182,12,632,4848445211,1
183,12,454,38794200,1
184,28,2308,46813901,1
185,323,2636,145017615,5
186,12,329,43069148,1
187,1214,61,26250015,1
188,238,146,38987780,1
189,2145,455,1406371200,1
190,12,235,54235806,1
191,105,1281,990998600,1
192,572,177,12655744,1
193,1127,61,1949394,1
194,979,0,5987919,1
195,1257,2372,669004140,3
196,1,2990,489602915,1
197,575,56,10000000,1
198,461,0,199966577,1
199,677,2206,638896,1
200,75,115,174555308,33
201,2433,28,2866398,1
202,441,2517,15836019600,2
203,38,940,4019211864,1
204,1840,2636,17925000,1
205,239,95,2532398,2
206,12,501,1100254529,18
207,105,988,990998600,1
208,268,12,7200011,1
209,12,67,13372375,1
210,28,231,2118084532,4
211,12,2550,4082263821210,81
212,75,66,5660000,9
213,12,38,277678228402,35
214,113,30,36732068,1
215,686,427,1303455,1
216,164,762,57174927,6
217,38,18,2912440000,1
218,88,716,2977643315,1
219,2206,762,22686918,2
220,1188,93,46352200,1
221,0,146,79378311,1
222,28,302,18660110,2
223,12,648,25281593615,18
224,146,984,45299510,1
225,146,227,2048118,1
226,2916,157,8202130,1
227,105,170,19690643508,2
228,164,1139,72406902,3
229,105,2795,20624674986,3
230,12,1606,46362546,1
231,113,2141,111966705,6
232,59,1083,823790000,6
233,90,2229,501453662,3
234,1105,68,47127000,1
235,52,270,816561395,1
236,55,225,100738191,1
237,164,648,5601598,1
238,38,2229,31654581018,6
239,71,2329,1124419,1
240,12,1567,37203435,1
241,1313,12,34786243,5
242,28,2166,10609602,1
243,147,0,1371047,1
244,512,638,2196680,2
245,12,95,120467168716,209
246,28,2362,23640833,2
247,414,2206,41000114,1
248,28,2372,10270910,1
249,12,360,322685696,3
250,28,2233,157101901,1
251,12,113,4610365952,71
252,12,1215,99650000,1
253,1462,11,12920000,1
254,308,2210,528174739,2
255,1,1603,65185629814,12
256,808,146,7178507,1
257,164,324,8540361,1
258,12,1541,4889764824,2
259,164,988,9173600,1
260,241,360,60233699,2
261,12,148,32911856,1
262,529,146,142481071,2
263,442,11,1199455066,4
264,441,56,6268960100,1
265,61,982,927167674224,39
266,103,2210,34135262,1
267,1,62,99990000,1
268,2636,93,546983197,3
269,164,35,29749224,1
270,12,224,47684772,1
271,2421,1397,482602237,1
272,12,164,38079350,1
273,0,79,4646021,4
274,166,1642,19724491,1
275,2912,28,65456000,1
276,339,376,27999990000,1
277,380,340,3800000,1
278,762,283,698125703,3
279,12,394,41319613,1
280,28,414,14487943,1
281,15,693,709973089,1
282,2948,73,32879988,1
283,12,152,5810372848,6
284,2,75,32850144,9
285,762,213,89990000,1
286,1,343,1445016,1
287,38,2229,3809321844,1
288,216,2636,5249951,2
289,164,879,6305460,1
290,14,529,2520835788,1
291,414,1440,4609622,2
292,162,2636,650472108,1
293,2541,827,309990000,1
294,118,36,3000000000,2
295,119,56,100000000,1
296,416,531,82533951,1
297,113,988,94980000,2
298,82,762,97861376,1
299,38,2323,10551527006,2
300,12,275,33459571,1
301,152,323,685290658,1
302,689,1083,38694035,1
303,465,12,4499990000,1
304,2206,146,12013020,6
305,240,360,11796676,1
306,1086,2,1091990,1
307,1984,1776,4074652,3
308,113,984,97830000,2
309,12,73,73668236665,108
310,762,327,642749841,1
311,12,158,45397945,1
312,12,316,680353969620,13
313,79,113,1890005,1
314,1622,2206,10109276,4
315,12,1159,4848445211,1
316,28,1058,5511568,1
317,827,1,59706197,2
318,28,297,8686342,1
319,270,451,2981358,1
320,12,1400,231474584,2
321,56,1776,143197763,3
322,762,507,151640586,1
323,146,529,10815000,1
324,529,2,208668957,2
325,225,146,5841799,3
326,120,304,2482292471,1
327,86,21,6313700,1
328,0,2131,103238359,1
329,116,3066,567852233,2
330,446,1116,80277,1
331,3017,185,104077,1
332,164,2726,29905279,2
333,12,598,245060000,1
334,159,581,14995527,1
335,56,2636,4219077679,14
336,2206,506,99990000,1
337,1024,105,997599,1
338,75,1107,1688076025,1
339,28,414,14664458,2
340,139,697,39185206,1
341,1107,1603,2230800655,3
342,38,1107,294189544149,24
343,38,1229,10051414469,1
344,150,599,2510458189,1
345,215,231,43265876,1
346,817,2206,1557668,1
347,82,984,784167100,4
348,28,73,814772177,58
349,75,349,347805380,47
350,109,2210,356488415,1
351,79,2327,128851022,4
352,26,470,4717510,2
353,105,340,4970000,1
354,12,217,58561826,1
355,55,30,100738191,1
356,55,984,402952764,4
357,640,2210,148802704,1
358,28,104,32466307,1
359,12,665,203720990805,37
360,317,382,142421130,1
361,105,1877,18835802009,1
362,942,1752,1657874,1
363,28,291,8686342,1
364,12,2324,89457344,2
365,12,320,35827956,1
366,12,1906,141107091,2
367,264,845,208488414,1
368,128,166,141497333,1
369,28,2141,103121767,10
370,20,283,10643034,1
371,413,478,15752956,2
372,164,775,18380308,1
373,182,11,196450000,1
374,762,11,51330567483,7
375,12,6,58561826,1
376,330,2210,22513510,1
377,978,0,62731434,1
378,95,762,642388086,1
379,12,409,80681354,1
380,105,5,990998600,1
381,1130,2337,2286562769,1
382,2665,11,19990000,1
383,51,104,398918833,1
384,12,3121,253940760,5
385,82,2636,354116584,1
386,12,360,39650000,1
387,105,1731,19769833487,2
388,564,2517,501003981,1
389,162,11,99680578,1
390,323,478,4430086,1
391,1313,2210,38451599,5
392,164,85,23981906,2
393,2327,79,5274809,2
394,119,28,68526000,1
395,12,323,39463193462,19
396,113,272,3804743,1
397,12,2517,416786144,1
398,1457,227,499988650,1
399,2603,323,1120212,1
400,116,2636,6803182026,16
401,116,538,573039001,1
402,75,613,51613629,54
403,441,1107,11875962500,1
404,334,12,19999800000,2
405,48,2229,1706210474,1
406,330,538,3244896,1
407,86,0,103025193,17
408,12,141,87834084,1
409,56,340,14472535,1
410,56,564,1737380688,3
411,3031,105,2632147,1
412,243,2206,10044620,1
413,61,1776,1899788626,4
414,53,2944,165228916,1
415,12,241,7224285,1
416,12,2441,43943867,1
417,464,762,27560000,1
418,12,85,32911856,1
419,340,105,124220790,5
420,105,30,77325205236,6
421,736,118,97072,1
422,1457,30,33974429238,8
423,213,591,55935559,1
424,942,225,1801923,1
425,12,1089,32392723,1
426,152,340,157398137,1
427,984,178,4890000,1
428,295,2246,30898602,1
429,61,762,2520440000,1
430,19,32,17341381357,1
431,2707,2636,6481642,2
432,12,1053,4848445211,1
433,12,1139,1706410776,29
434,762,416,49034605,1
435,120,105,2482292471,1
436,683,2700,28177630,1
437,11,2,2957335,1
438,2421,2636,486692597,2
439,12,136,65039001,1
440,112,277,4936606,1
441,2206,1305,31250432,1
442,1692,12,1263910140,37
443,116,306,557053158,1
444,94,360,7642688,1
445,105,1660,20624674986,3
446,1107,2246,2511260691,1
447,486,1313,493790,1
448,105,270,209929844,1
449,150,2545,2508709609,1
450,512,575,1591165,1
451,2798,38,13308833,1
452,79,2,115787698,21
453,55,2,193244690,4
454,232,2210,78700000,1
455,528,988,4990000,1
456,449,527,1593891763,13
457,38,2353,4428508358,1
458,235,1776,636260,1
459,12,10,209046113,1
460,12,85,87834084,1
461,864,762,1701828,1
462,8,1692,14118168,3
463,12,1285,98132108,2
464,762,2210,115699492,1
465,940,3,40000,1
466,762,2246,1524238176,4
467,762,382,42890503917,4
468,86,1313,18941100,3
469,1457,28,6278520490,2
470,2338,12,7226497,2
471,638,512,3457496,2
472,292,566,49990000,1
473,12,359,44035624,1
474,12,444,93422319,1
475,529,98,699900000,2
476,616,302,33198430,3
477,12,454,32392723,1
478,85,93,157957490,4
479,486,1692,5197583,13
480,28,213,8050508,1
481,1085,0,629040757,1
482,1171,2210,42157847,1
483,146,117,902007711,2
484,144,213,12365725,1
485,121,270,89990000,1
486,323,1603,336842870,2
487,242,2245,5990594,1
488,12,915,4848445211,1
489,38,2622,30148472432,5
490,1457,143,402028240,1
491,28,358,9152890,1
492,1692,486,134279706,11
493,382,11,35762082,2
494,323,1776,36880585,3
495,146,1906,101035530,1
496,61,1416,11219308,1
497,74,762,37410000,1
498,28,2041,13954298999,28
499,2741,923,8926014,3
500,150,2210,32605079647,13
501,49,2206,174084138,5
502,334,1603,36199600000,2
503,430,363,64296443,1
504,2206,2233,1111853,1
505,202,56,2070000,1
506,28,2027,87966550,3
507,0,2636,572494293,19
508,150,867,2510837228,1
509,833,762,27680000,1
510,486,75,77331053,81
511,12,63,4848654964,2
512,340,984,212856096,9
513,28,1107,78224731,4
514,0,552,220822,1
515,55,56,100738191,1
516,2636,105,200545714,10
517,142,1984,496397,1
518,2206,2,592924442,10
519,40,1313,3769295,1
520,2206,414,89990000,1
521,103,277,34851697,3
522,342,1107,141335622,1
523,2552,762,199335213,1
524,49,479,16940000,3
525,82,414,218988990,1
526,1455,270,53067126,1
527,55,85,346737002,6
528,12,1466,5726251984,12
529,120,53,2482292471,1
530,44,68,169374065,1
531,2947,988,59870240,1
532,231,28,76840000,2
533,71,471,354877145,1
534,73,118,2330944,2
535,867,239,38000000,1
536,120,42,959968973,6
537,1993,11,1001490881,1
538,132,61,1573990000,1
539,105,95,19826800609,2
540,12,1599,153496153,1
541,1621,816,116266715,1
542,2206,139,2370178,2
543,28,75,7769997,1
544,0,73,1667812,1
545,12,79,236868084,3
546,12,93,682830000,3
547,113,538,34258971,2
548,227,330,4352424689,1
549,28,154,11941555,1
550,30,11,2694179398,39
551,12,2323,7170032267729,140
552,38,489,26353945657,5
553,268,2206,2092720,1
554,2636,2,8787061,2
555,38,61,119864776913,2
556,28,2,4985323611,353
557,12,364,47733652,1
558,216,648,26506787,1
559,95,12,56516963,1
560,250,227,74530231,1
561,386,1440,9363049,2
562,164,754,26354708,1
563,4,2229,77062483926,2
564,12,995,65039001,1
565,484,75,1837600,2
566,698,75,122887053,43
567,113,2636,679206702,15
568,38,2210,49237537060,11
569,15,762,21290000,1
570,28,101,57084811,2
571,1229,489,604697126,1
572,330,506,1475348,1
573,28,2636,559172445,1
574,783,376,15513690,1
575,1023,949,41086873,1
576,984,116,401005899,1
577,40,2636,3769295,1
578,1313,762,502756988,3
579,12,248,5239604287,6
580,55,698,72630310,2
581,135,67,9340000,1
582,0,330,3463190,5
583,30,28,151216423,2
584,952,103,94992000,1
585,164,2589,8900886,1
586,113,25,4120000,1
587,116,399,612066620,1
588,352,302,44203639,1
589,38,827,65718385863,1
590,984,56,1343282564,22
591,88,188,2977643315,1
592,61,2372,523378306,4
593,28,2990,8527462,1
594,85,12,94091304,3
595,85,270,82474421,1
596,376,1466,356814509,2
597,914,2206,18721,1
598,146,29,65042377,2
599,48,62,1718194727,1
600,148,1440,2527144,1
601,0,28,45036505,2
602,82,1183,491984362,2
603,12,2014,1210000,4
604,693,762,1544573394,1
605,12,2329,158606104018,12
606,277,1457,5412542,3
607,564,363,3532485595,3
608,38,1776,1244214733,1
609,120,1313,4964584942,2
610,376,2210,4912122040,23
611,441,2229,3407072261,1
612,12,283,49032466,1
613,12,64,47733652,1
614,147,11,10329123,1
615,12,1016,92564509,1
616,212,55,299290001,1
617,24,81,99990000,1
618,12,447,614127056,7
619,0,665,1624022,1
620,165,1692,168000,1
621,989,665,116103000,1
622,38,0,323078125322,61
623,14,227,3653968030,1
624,380,1,612191319,7
625,771,274,5292271,1
626,12,382,2855246617,12
627,164,1107,42594490,2
628,88,1603,2977643315,1
629,762,1083,75198838421,10
630,2140,712,58143000,1
631,95,2714,906360423,1
632,24,323,16900266,1
633,12,67,530122692,5
634,164,162,16495336,1
635,38,85,6532315142,1
636,218,1083,8486187,1
637,529,2206,2425371,1
638,979,2245,50115491,1
639,414,1984,1202163,1
640,115,2811,72869000,18
641,218,983,1021155,1
642,0,1107,8077679,2
643,1543,1440,15605513,1
644,547,323,401051494,1
645,55,736,72630310,2
646,12,538,489108657,10
647,984,478,214677772,10
648,150,2323,2500952600,1
649,664,902,88215043,1
650,2636,1776,49984434,1
651,40,0,15077180,4
652,387,1984,1072288,1
653,105,2129,155255160626,13
654,529,98,2830838,1
655,113,12,108267165,5
656,4,30,85555715,2
657,1053,56,5781009,1
658,109,57,319112514,1
659,69,2210,326228126,1
660,78,529,1995055186,1
661,12,2737,52334920740,1
662,945,529,3134198949,5
663,12,58,93422319,1
664,2411,2210,5524831,1
665,1080,1287,110315758,1
666,984,501,17502828,1
667,90,1603,3459780000,1
668,12,401,52334920740,1
669,479,41,1281052,1
670,762,1107,4422736951,4
671,19,0,79018827899,6
672,11,1058,98770400,1
673,116,988,377115091,1
674,113,739,1832300,1
675,512,12,15319211,11
676,225,340,11707895,3
677,811,762,114526588,1
678,297,1313,19516564,1
679,150,328,2510837228,1
680,40,95,3769295,1
681,330,1752,3855313,2
682,340,93,11026686,1
683,12,875,44728672,1
684,497,984,4685918,1
685,754,1,8565200,2
686,28,1311,9152890,1
687,81,1,3650700,1
688,115,41,6931000,2
689,156,1313,239999,1
690,2079,1311,2060000,1
691,1257,323,9101657,1
692,2131,414,134593368,1
693,743,75,45330000,15
694,20,504,97956374,1
695,888,360,110808128,2
696,56,297,272160041,4
697,146,19,272590701,1
698,28,468,8686342,1
699,76,1083,62719835,2
700,478,2206,15833207,1
701,88,2246,214803434,1
702,1083,93,1505521,1
703,12,2141,2183210527,25
704,12,2206,1664691255,29
705,255,270,59185105,1
706,0,113,3474793,5
707,1757,12,9990000,1
708,12,2372,3611242434466,73
709,12,1214,453047000052,5
710,376,12,470734715,14
711,12,207,90689802,2
712,12,2948,45221406,1
713,88,2210,17865859890,6
714,53,7,282238000,1
715,988,504,51415583,2
716,376,2133,84970160,1
717,38,2233,31243765324,1
718,2841,11,95020211,1
719,12,2186,4848445211,1
720,67,260,29769,1
721,2758,478,52237581,1
722,478,148,68561659,1
723,13,1311,4260014,1
724,51,48,201690134,1
725,984,30,120000000,1
726,12,630,99650000,1
727,2636,414,29262716,2
728,1457,28,33605922,1
729,12,942,38079350,1
730,150,3054,2510837228,1
731,164,608,26354708,1
732,75,743,17915359,15
733,281,915,751970,1
734,984,340,581765494,14
735,772,2229,2001327797,1
736,12,1723,41319613,1
737,164,58,16996825,1
738,120,1107,2482292471,1
739,105,762,990998600,1
740,1,38,1999970000,2
741,512,330,5989956,1
742,164,529,33693604,1
743,12,536,52334920740,1
744,369,762,1065213148,2
745,1214,2550,77633832,2
746,79,461,156151010,9
747,1041,11,7489709,1
748,1950,93,6734708,1
749,2191,1984,4347638,2
750,232,12,77405059,1
751,473,11,35958438,2
752,762,984,2712859876,1
753,323,0,28746973,3
754,0,83,34780418,1
755,146,28,133153266,2
756,12,1040,52334920740,1
757,113,11,35066198,1
758,353,61,21158271353,14
759,146,0,386573863,5
760,12,343,21215936021,1
761,323,105,2990000,1
762,28,1053,443960722,2
763,1457,323,168988650,1
764,224,2636,23990000,1
765,2140,1752,89852000,1
766,2948,504,3479133,1
767,28,1397,27065941,3
768,19,2210,6260370,1
769,1457,1603,4765324144,2
770,12,360,52334920740,1
771,115,1642,9160016,1
772,1622,218,16705629,8
773,275,75,22190000,3
774,12,426,4906685255,2
775,28,146,602885535,2
776,508,12,96703672,2
777,38,2210,20560276377,3
778,12,353,366344445180,7
779,227,2206,1029132,1
780,56,336,13414347,1
781,1491,11,1411100,2
782,185,984,156395639,3
783,105,2837,18835802009,1
784,56,2206,6535710536,3
785,1,73,1000000,1
786,461,93,518585079,4
787,199,709,9399990000,1
788,677,12,1277792,2
789,402,2210,1863342,1
790,23,454,99690000,1
791,12,457,47684772,1
792,12,2833,4848445211,1
793,461,818,99984155,1
794,231,762,44282754,1
795,85,11,65541296,3
796,75,2,23095120,9
797,162,2206,810492791,2
798,64,12,4021930,1
799,323,11,19044380,1
800,12,2603,35827956,1
801,12,2052,70141455,1
802,112,2,4936606,1
803,12,173,32392723,1
804,302,2210,1576000064,7
805,323,12,47414172,2
806,56,95,411690134,2
807,552,2304,50955926,1
808,1107,11,2054914934,4
809,2372,48,10522351239,3
810,1785,12,1247056,4
811,3031,2636,10663681,5
812,12,922,152850058,3
813,3023,11,15831632,1
814,12,2788,471014286660,9
815,105,323,990998600,1
816,12,849,156437242,1
817,412,11,116990000,1
818,12,157,64749528,1
819,14,118,6107454,1
820,88,2600,2977643315,1
821,12,86,299627403,5
822,264,483,313109194,1
823,145,125,8032799,1
824,12,1471,41014388,1
825,83,20,419119049,1
826,12,44,52334920740,1
827,88,1107,5955286630,2
828,146,370,23483612,2
829,88,121,2977643315,1
830,529,56,7386588,1
831,454,113,1363992,1
832,56,988,204733989,2
833,141,1876,3954635,1
834,1313,709,999990000,1
835,0,48,1851254,1
836,199,353,22099990000,1
837,42,2246,5091282,1
838,471,0,16634725,1
839,82,56,218988990,1
840,323,2,21098389,2
841,332,218,13000,1
842,1906,1119,697840268,2
843,152,291,3124926311,1
844,198,2210,88418557,1
845,277,1603,491646347,1
846,2638,504,214000,1
847,2552,12,1377984122,1
848,112,504,4936606,1
849,12,72,14545335633,3
850,185,105,5188452,1
851,28,2178,167061297,11
852,12,99,4848445211,1
853,2541,28,430257060,3
854,86,2,12627400,2
855,236,163,1980000,1
856,478,0,122091503,9
857,351,360,5982405,1
858,105,2550,22470515085,5
859,323,2229,2872000,1
860,28,116,8050508,1
861,12,1057,874117666,11
862,12,132,52334920740,1
863,219,2210,230211775,1
864,12,650,33311039,1
865,12,431,46362546,1
866,1313,356,9218912,1
867,436,1083,8960260,2
868,12,1019,4848445211,1
869,1107,28,799890000,1
870,796,28,2612935199,7
871,105,205,1925030078,2
872,1351,2210,3046773,1
873,1384,2210,116895638,1
874,988,2210,1053937433,2
875,1083,762,71000101,1
876,116,67,208309775,1
877,55,38,402952764,4
878,2636,797,6385184,1
879,297,0,299234158,2
880,538,984,181947819,2
881,1,1281,16099970000,3
882,182,1440,8081145378,2
883,1253,30,31398800,1
884,12,2580,1077395032,7
885,12,66,104669841480,2
886,264,2210,302205948,1
887,159,2210,20622575,2
888,15,44,3473542955,1
889,93,12,300000000,1
890,28,11,595210542,1
891,28,905,46813901,1
892,227,340,4352424689,1
893,93,118,195280357,1
894,28,2625,20409789,2
895,12,963,45221406,1
896,2206,1752,1380750,1
897,12,755,4848445211,1
898,116,56,395501196,1
899,56,486,4176647,1
900,304,270,21250593,1
901,231,56,90867546,1
902,512,386,16800008,2
903,40,1457,3769295,1
904,427,2,350685000,1
905,119,105,11051710,1
906,12,1108,4963803851,2
907,984,146,74906710,4
908,30,116,109030000,1
909,437,394,92406124,1
910,12,340,347996251,7
911,6,762,93986706,1
912,1,2041,163103218,1
913,461,2041,459339737,1
914,32,2,2083737,2
915,0,1776,3430227,5
916,76,93,1530300,1
917,2206,5,11256019,2
918,2636,38,4551261157,5
919,1107,2210,177154560,1
920,19,89,17330071358,1
921,340,56,76165071,5
922,478,2210,49736703,5
923,12,19,93422319,1
924,116,241,393354174,1
925,1945,1642,15337391,2
926,12,1106,50058682,1
927,14,762,6174803818,2
928,2636,30,499982393,1
929,115,2,14363000,4
930,227,529,5152742396,6
931,164,584,12908454,1
932,115,275,8543000,3
933,1257,2229,537834691,1
934,28,2191,169206613,13
935,19,2,17092041358,1
936,12,403,52334920740,1
937,12,2393,99650000,1
938,1397,2246,30915900,1
939,116,268,1051361180,3
940,82,1397,24856021,1
941,12,3008,293934412,1
942,14,30,18637181458,6
943,529,762,67083218,2
944,12,581,83737492,2
945,38,762,45605052226,6
946,28,581,20880512,2
947,143,38,1385452557,2
948,302,554,13126158,1
949,105,2210,501462286173,77
950,28,1,36555402,1
951,14,225,2520835788,1
952,1159,44,1971008,1
953,762,295,395373773,1
954,2206,243,19007606,3
955,13,2210,36343710,1
956,105,102,990998600,1
957,12,185,154827016,3
958,150,1144,2510458189,1
959,2166,0,7000000,1
960,74,2210,376292101,2
961,12,448,62803204,1
962,164,2636,725760779,42
963,330,486,2754120,2
964,164,1466,24685768,2
965,150,538,5011789828,2
966,1603,1,24229000165,10
967,414,648,4061258,1
968,1052,113,1176224,1
969,28,2216,7769997,1
970,56,1397,248890000,1
971,12,370,147538219,2
972,12,507,26977596,2
973,150,38,7520120398,3
974,27,762,50553451,1
975,512,1457,1550027,1
976,529,323,122920030,2
977,19,323,68309637042,4
978,833,146,72628000,4
979,85,1440,13120311,1
980,1257,2329,20300519,1
981,1313,1440,39990000,1
982,115,66,85003000,9
983,8,11,25354584,2
984,437,2996,77346124,1
985,762,79,1045049709,1
986,2233,338,21933390,1
987,372,12,53235972,1
988,12,776,38949709,1
989,12,2955,45221406,1
990,888,2516,11879687,1
991,12,2677,75037342,1
992,12,1998,93422319,1
993,90,353,5405930000,1
994,12,2313,5049664385,3
995,293,0,78239922,1
996,268,2206,199999703,1
997,87,102,321222760,1
998,328,17,37980000,1
999,119,1984,1943315,1
1000,564,218,540105784,1
1001,1313,241,101000000,1
1002,543,1311,4573486,1
1003,37,28,47875202,2
1004,89,146,24990000,1
1005,55,277,100738191,1
1006,150,2636,5019546837,2
1007,78,1,32312685,2
1008,894,762,1199775,1
1009,116,1305,1352629582,3
1010,105,38,39653601218,4
1011,12,192,58184769,1
1012,28,12,18946042368,34
1013,12,277,4848445211,1
1014,476,226,230775214,1
1015,12,1435,91312423,2
1016,1,945,19209315,4
1017,12,473,53417000,1
1018,1731,2210,16101706,4
1019,12,170,41457504,1
1020,218,762,22657068,5
1021,199,20,1499990000,1
1022,12,292,41319613,1
1023,12,939,49032466,1
1024,250,529,3731052,1
1025,38,564,4720489780,1
1026,121,11,277418959,2
1027,1409,2233,11094396,1
1028,38,42,1000845377,1
1029,984,347,160940000,1
1030,91,11,69908514,3
1031,1457,2206,1649988650,1
1032,28,648,41619197,2
1033,53,12,877453,2
1034,28,2732,20880512,2
1035,45,927,30528979,2
1036,2206,0,112427274,6
1037,0,864,310559,1
1038,88,85,2977643315,1
1039,182,28,5034703174,1
1040,1397,1107,20340046,2
1041,382,146,41045183,2
1042,12,2554,51350000,1
1043,55,63,19876189,1
1044,12,3066,89805181,2
1045,28,1107,423766254,1
1046,30,340,100000,1
1047,28,113,84366210,6
1048,113,268,364664,1
1049,82,1776,215302762,1
1050,359,62,31276,1
1051,51,2433,209545045,1
1052,113,118,52090371,9
1053,164,330,139923152,7
1054,120,1568,2482292471,1
1055,12,2178,41014388,1
1056,37,93,23189372,1
1057,502,12,31716798,2
1058,28,1319,7769997,1
1059,12,636,9696890422,2
1060,786,283,9474471,1
1061,422,674,1007453099,1
1062,340,478,92700101,3
1063,112,0,4936606,1
1064,164,705,24412188,1
1065,1065,584,38752755,1
1066,12,120,44035624,1
1067,55,11,36990000,1
1068,376,243,1675960001,1
1069,95,61,2767828275,2
1070,0,21,2450779,1
1071,1130,529,7039208981,6
1072,762,983,714429902,1
1073,28,30,1106157716,3
1074,38,2636,50244531752,10
1075,79,1062,1160340,1
1076,216,113,35382231,2
1077,772,1776,2377797,1
1078,93,1440,19990000,1
1079,2758,105,11892551,1
1080,28,294,511619837,1
1081,12,132,799650000,1
1082,0,984,5090822,1
1083,152,351,203551927,1
1084,2,529,148534000,1
1085,38,12,45726205994,7
1086,0,227,27550829,4
1087,12,1107,139370142782,21
1088,289,93,38993599,1
1089,11,1603,1010060,1
1090,1107,465,4501004724,1
1091,13,2636,15367543,1
1092,478,85,11511535,1
1093,14,44,2520835788,1
1094,255,2206,2182111,2
1095,116,418,208410783,1
1096,470,375,203330000,2
1097,51,0,1312275949,5
1098,38,28,256260780039,7
1099,23,13,61924142,1
1100,2851,2366,50066866,1
1101,1984,2636,1492775,1
1102,28,1466,73821661,4
1103,988,113,16715786,2
1104,216,912,40452956,1
1105,116,414,3230482141,8
1106,982,61,797256273541,9
1107,2771,323,5990000,1
1108,105,2512,2972995800,3
1109,38,61,25122265876,5
1110,56,944,179190,6
1111,12,2365,1360707939240,26
1112,2206,1776,158220095,5
1113,12,146,209829034,4
1114,478,414,3926408,1
1115,174,330,54376916,1
1116,105,2448,990998600,1
1117,164,2347,12908454,1
1118,73,0,3960748,4
1119,3051,105,11549233,1
1120,1917,2210,6243277,1
1121,2206,2304,3551150,1
1122,988,116,14990000,1
1123,12,414,326131994,6
1124,1320,538,17262630,1
1125,2206,479,15633971,4
1126,356,56,8208908,1
1127,449,223,244380000,1
1128,817,1683,99990000,1
1129,12,481,49032466,1
1130,414,323,20003120,1
1131,259,1752,5427932,1
1132,164,486,29265787,1
1133,28,1083,9152890,1
1134,120,152,2482292471,1
1135,1313,2,79317814,6
1136,56,1603,291485321,1
1137,1313,2187,5000000,1
1138,19,912,17091771358,1
1139,12,1257,6175607612785,120
1140,613,427,4505455,1
1141,113,762,18634,1
1142,942,373,1716023,1
1143,12,1118,227330375,17
1144,433,0,54936339,1
1145,115,115,9162000,3
1146,691,30,161531000,1
1147,380,2206,105624713,5
1148,28,215,488019238,1
1149,1107,13,2002019754,2
1150,762,816,196080887,1
1151,202,2206,27200000,3
1152,198,28,13776026,1
1153,28,340,142145634,11
1154,64,93,44960000,1
1155,340,762,34959692,1
1156,12,461,1300373053,12
1157,113,73,121568925,14
1158,164,1460,9173600,1
1159,0,11,42356187,3
1160,2610,529,4259951,1
1161,0,512,318922,1
1162,12,61,23027650854430,443
1163,12,2702,58561826,1
1164,105,85,37724992826,3
1165,323,1313,505606136,2
1166,79,12,64711218,3
1167,162,62,50393687,1
1168,375,64,2861000620,2
1169,183,516,27355534,1
1170,984,277,24990000,1
1171,512,302,1242306,1
1172,120,762,4964584942,2
1173,28,512,503879094,30
1174,604,11,70010278,2
1175,73,119,1297866,1
1176,105,486,18835802009,1
1177,12,372,101794386,2
1178,14,38,9828771848,3
1179,250,2293,12406252,1
1180,28,1313,880305474,51
1181,38,285,1723036907,1
1182,12,988,5545899124,16
1183,28,988,30785402,3
1184,12,429,1026589,1
1185,441,2550,10015960500,1
1186,1229,796,604697126,1
1187,2541,762,100950107,1
1188,330,984,1375442,1
1189,332,113,51000,2
1190,28,1998,11941555,1
1191,12,49,1195720000,2
1192,353,984,279930000,1
1193,93,2210,147760357,1
1194,2636,255,1954451,1
1195,12,1076,14545335633,3
1196,88,2636,17865859890,6
1197,138,2229,149990000,1
1198,164,2500,12908454,1
1199,28,2538,14898221,1
1200,164,564,6305460,1
1201,2636,2233,21202236,2
1202,1984,512,4937301,4
1203,56,105,4490000,1
1204,12,1281,2356172073300,47
1205,2552,414,200000000,1
1206,0,2210,10865376,1
1207,1311,1953,12682135,1
1208,1313,427,2000000,1
1209,1125,956,26776441,1
1210,2206,1313,15066059,2
1211,12,2347,34849998,1
1212,28,340,18321418,2
1213,28,591,8050508,1
1214,86,350,5660966,1
1215,31,11,1052994,2
1216,164,3094,6305460,1
1217,2675,529,40480000,1
1218,746,779,33890339,1
1219,762,2206,3217089483,4
1220,12,393,4848445211,1
1221,74,13,145496050,1
1222,323,171,1690098,1
1223,268,2636,299999741,1
1224,5,93,537153,1
1225,12,119,14823118649,9
1226,216,729,20112156,1
1227,529,2543,5128944,1
1228,759,2210,18938322,1
1229,12,2206,17543868,1
1230,28,227,562721460,1
1231,5,2636,375583,1
1232,575,2206,1618408,1
1233,689,2082,4127137,1
1234,44,12,83105284,1
1235,12,953,4902681017,2
1236,984,2210,20158228,1
1237,2636,225,4948343,1
1238,340,2636,54797746,1
1239,413,283,1763154575,3
1240,1105,15,45404145,1
1241,0,44,1199469,2
1242,12,2541,6380114889,34
1243,12,118,171332775206,313
1244,12,512,23032671939,106
1245,116,1440,559348106,1
1246,984,1440,131130000,2
1247,73,12,62530629,1
1248,60,63,4176679315,1
1249,15,86,14805077,2
1250,414,2636,2614875,1
1251,1457,762,6515046536,2
1252,369,0,629990000,1
1253,2031,93,6578734,1
1254,407,827,5528925751,1
1255,149,2210,232540338,1
1256,86,430,6313700,1
1257,0,103,32500,1
1258,146,85,2849410,1
1259,146,2206,10594856,2
1260,19,2206,17062874268,1
1261,28,414,40516815,2
1262,2636,1083,144420778,2
1263,12,2164,52334920740,1
1264,479,113,1990000,1
1265,95,2210,1993658147,1
1266,38,2027,11781404469,2
1267,48,1603,4982228163,1
1268,2948,2,69239109,3
1269,447,375,180722395,1
1270,71,2304,1009511,1
1271,152,125,95046472,1
1272,762,2245,225486419,1
1273,12,424,156437242,1
1274,1130,1603,2475662769,1
1275,28,119,8527462,1
1276,28,984,379837208,23
1277,552,512,1193792,1
1278,119,21,5389001,1
1279,413,375,11158809044,6
1280,113,1052,2871259,1
1281,199,2229,44351269476,12
1282,68,2291,1326567,1
1283,762,2233,198270000,1
1284,19,342,10790044968,1
1285,12,1231,45221406,1
1286,119,11,18101718,2
1287,164,2362,8540361,1
1288,502,20,27040401,1
1289,1240,12,2843205,1
1290,86,512,6313700,1
1291,1642,2210,487736508,3
1292,12,427,4765355,2
1293,95,202,140711895,1
1294,2027,2031,65100138,1
1295,538,2206,6577392,2
1296,1,2229,27899980000,2
1297,12,2904,45221406,1
1298,382,762,162834143,3
1299,12,227,5034853220,3
1300,12,2041,16557626700,3
1301,164,984,95001840,10
1302,340,1107,29979921,1
1303,116,105,571852543,1
1304,12,2216,46782108,1
1305,1083,37,21001370,1
1306,1304,1107,929701186,3
1307,164,157,5601598,1
1308,116,323,2038429737,5
1309,12,2876,52334920740,1
1310,199,0,774735218,1
1311,988,1522,2022576,1
1312,6,86,99980000,1
1313,268,113,3550000,2
1314,82,323,1685320987,1
1315,1034,0,3034659,1
1316,55,227,302214573,3
1317,1,462,2499990000,1
1318,12,28,128657271,3
1319,12,2628,34849998,1
1320,105,118,38662602618,3
1321,12,210,46782108,1
1322,1107,2636,2121373082,3
1323,12,478,2442815977,10
1324,191,762,373793323,2
1325,146,11,63597649,2
1326,38,2164,6532315142,1
1327,38,2246,43283722902,1
1328,441,85,5162735522,2
1329,56,0,199990000,1
1330,12,896,37203435,1
1331,1,2552,111130000,3
1332,28,286,7769997,1
1333,320,118,36000,2
1334,164,268,133545658,10
1335,389,2552,807761,1
1336,2677,1984,136115,1
1337,19,2636,12559592668,1
1338,28,138,10609602,1
1339,38,62,7698598441,1
1340,239,1257,352610383,4
1341,533,75,9770000,3
1342,88,1752,2977643315,1
1343,12,2430,52334920740,1
1344,762,113,40021055659,2
1345,762,360,42718643921,3
1346,38,56,2400272013,1
1347,2252,12,20951075,2
1348,116,12,1603243680,5
1349,323,2210,31508214,3
1350,376,2362,46017400,1
1351,12,25,48804750,2
1352,2636,1752,17503007,4
1353,105,51,990998600,1
1354,28,225,183626816,12
1355,478,529,69488634,1
1356,116,32,397885192,1
1357,146,486,101055500,1
1358,189,113,113805,1
1359,529,2210,350900000,2
1360,484,56,1103600,1
1361,479,2206,6818864,1
1362,113,2210,30389033,2
1363,56,479,37451615,3
1364,61,62,321902486,2
1365,164,2474,9173600,1
1366,984,95,40516596,2
1367,2166,762,352066510,1
1368,2636,149,20701472,1
1369,666,2206,132885279,1
1370,30,12,345950000,1
1371,11,38,1280472298,1
1372,2206,983,35000631,1
1373,2267,2634,1028840,1
1374,105,1742,990998600,1
1375,93,1188,11353889,1
1376,15,704,3334652223,1
1377,953,729,3158832,1
1378,988,2133,39200890,2
1379,283,12,258943664,1
1380,353,1107,120041893198,4
1381,38,762,6532315142,1
1382,73,2206,2545445,2
1383,0,2187,9736722,3
1384,164,142,8900886,1
1385,225,56,104804757,3
1386,116,501,372434615,1
1387,105,539,18835802009,1
1388,984,1776,112501125,4
1389,120,433,2482292471,1
1390,212,559,2626732095,1
1391,28,69,8050508,1
1392,7,30,2168388,1
1393,323,2329,201011855,1
1394,762,796,3129717969,2
1395,370,149,24067180,1
1396,85,239,4405763,1
1397,1402,2372,11000525,1
1398,2206,709,53007723,1
1399,116,79,394998685,1
1400,2948,512,5480582,1
1401,762,449,589282266,1
1402,227,56,3584450,1
1403,529,0,243077663,7
1404,85,73,101325995,1
1405,2206,420,2681212,2
1406,11,489,387392500,1
1407,1,446,11925724,1
1408,75,49,6260577938,488
1409,942,2097,1638708,1
1410,1691,12,110000000,6
1411,56,1875,26331841,8
1412,12,373,129499056,2
1413,1058,2550,4471784,1
1414,42,1776,138345681,1
1415,12,429,87834084,1
1416,12,707,58561826,1
1417,461,2210,449546085,3
1418,28,1016,11941555,1
1419,115,12,17671000,3
1420,164,875,37320642,2
1421,2636,575,4810340,1
1422,82,0,392085838,2
1423,150,0,228191682581,91
1424,38,2129,4019211864,1
1425,105,1950,990998600,1
1426,88,2758,2977643315,1
1427,30,1457,1841106117,1
1428,162,283,23915690,1
1429,762,2,198270000,1
1430,61,2229,101885191653,6
1431,28,2133,964805396,78
1432,584,1,28216944,1
1433,1313,2636,97150404,2
1434,12,603,95765261,2
1435,38,1281,3417985113,2
1436,538,340,47216205,2
1437,652,182,3323145053,3
1438,28,0,8103677144,561
1439,161,2210,593959203,1
1440,0,529,132719110,8
1441,984,2206,1530297,1
1442,68,0,170464764,1
1443,116,1397,390025606,1
1444,983,575,21299176,1
1445,12,336,46782108,1
1446,66,50,49431497,1
1447,224,56,1528032,1
1448,38,501,3317061509,2
1449,105,2634,1400956,1
1450,2206,98,134001693,1
1451,30,2636,109030000,1
1452,2031,0,21978734,2
1453,125,145,492337864,2
1454,113,1592,47333200,1
1455,235,1,7888980000,1
1456,268,12,19445752,1
1457,2206,12,5113948,2
1458,173,2206,108715,2
1459,334,2210,31999800000,2
1460,121,28,2527612252,3
1461,988,103,899990000,1
1462,1928,1457,4754496,1
1463,76,984,3005000,1
1464,12,959,20948595,1
1465,99,1107,7399996000,2
1466,988,1107,37824411,1
1467,150,1603,7530005026,3
1468,105,2636,319096872700,34
1469,984,88,301913868,1
1470,32,283,5517201,1
1471,762,9,671769143,1
1472,56,762,200378872,2
1473,26,538,30389090,1
1474,283,2,1586375,1
1475,2480,1440,4970000,1
1476,297,1776,90036971,2
1477,121,375,78769471,1
1478,12,530,58561826,1
1479,563,11,564636865,33
1480,234,2433,949990000,1
1481,530,113,21087410,9
1482,1058,1776,827498,1
1483,239,762,184324690,6
1484,190,2210,35360025,1
1485,12,268,3640427179,36
1486,19,73,12022462668,1
1487,1126,95,101852351,1
1488,12,1272,41014388,1
1489,12,335,5142379623,2
1490,12,342,86432108,2
1491,268,330,1050025,1
1492,984,1107,953059895,5
1493,150,2229,2508709609,1
1494,11,762,12880153,1
1495,50,283,7257418,1
1496,607,1,4317248,1
1497,75,41,345926,2
1498,56,342,5847106,1
1499,225,478,20696806,3
1500,813,414,4849303,1
1501,28,2152,326365425,1
1502,11,11,11716971,1
1503,241,12,163342048,2
1504,323,796,991114786,1
1505,664,49,32407451,1
1506,486,146,369921080,4
1507,2324,1457,1200490000,1
1508,323,1397,1341638,1
1509,512,225,61004211,2
1510,150,2600,5011410789,2
1511,529,2636,2673621,1
1512,414,1,12076098,1
1513,209,12,247892000,1
1514,12,3051,149990000,1
1515,984,7,2568346,2
1516,762,649,262352433,1
1517,12,20,36486975,1
1518,12,2131,649655837,12
1519,164,4,35377133,2
1520,1692,8,33897020,2
1521,86,360,62142307,3
1522,12,1440,724263435,9
1523,105,2857,264465137,1
1524,202,1313,9410000,2
1525,27,95,101106902,2
1526,12,330,3817612703,48
1527,116,1984,3211454940,8
1528,12,743,323658840,7
1529,1953,1311,3904977,1
1530,12,130,31399407,1
1531,164,942,8900886,1
1532,575,2636,11002921,1
1533,105,3103,18835802009,1
1534,29,12,4670201,1
1535,112,2433,4936606,1
1536,2948,0,17369749,2
1537,249,949,48868169,1
1538,120,0,312768851346,126
1539,780,2014,796623500,87
1540,340,28,9972974,1
1541,984,38,434307950,4
1542,164,2133,840030845,53
1543,164,62,33693604,1
1544,2166,340,276780000,1
1545,146,2233,173633873,10
1546,9,762,355721508,1
1547,12,241,103091200,1
1548,12,2782,104669841480,2
1549,1,675,13599980000,2
1550,1541,12,52599423,1
1551,12,2109,5015316775,3
1552,1245,588,1760097628,1
1553,12,563,46733030,2
1554,113,130,990000,1
1555,164,327,5601598,1
1556,12,1691,29980000,2
1557,762,118,42712839876,2
1558,149,239,180190,1
1559,762,1788,13000000000,1
1560,23,2915,83843297,1
1561,12,2012,45397945,1
1562,62,34,16736134463,14
1563,38,2289,37589206812,3
1564,78,1603,1880370998,1
1565,164,1231,8540361,1
1566,12,260,57452450374,8
1567,239,479,390000,1
1568,12,95,4848445211,1
1569,199,62,4101310930,2
1570,12,3091,52334920740,1
1571,414,2552,340552986,5
1572,1183,79,2477972,1
1573,2626,116,133004640,1
1574,0,478,44388761,5
1575,2206,118,35019103,4
1576,564,12,323635000,1
1577,12,1910,4848445211,1
1578,2636,529,303586753,2
1579,478,984,10192632,2
1580,28,429,29386164,2
1581,28,4,10270910,1
1582,51,2291,428962250,2
1583,149,323,19950338,1
1584,401,1281,24260929,1
1585,1906,1083,10030000,1
1586,12,93,46227988,1
1587,38,2,7698598441,1
1588,38,261,40105740778,2
1589,45,629,67193147,2
1590,44,224,1139294,1
1591,1313,38,451849297,2
1592,12,86,41313208,1
1593,2206,2634,5889990,3
1594,1,1635,39111128,3
1595,796,245,840980758,1
1596,28,2229,7769997,1
1597,28,330,184212099,12
1598,1183,2065,12890000,1
1599,48,2636,8331571376,2
1600,2206,121,299990000,1
1601,116,227,202077596,1
1602,183,433,53582400,1
1603,1125,2210,1544560,1
1604,44,984,19803452,2
1605,2206,101,8378592,1
1606,290,4,38201375427,1
1607,38,529,13064630284,2
1608,12,107,1405708,1
1609,1692,165,13044060,1
1610,1040,2323,16304083,1
1611,12,924,52334920740,1
1612,37,11,25305195,2
1613,12,430,64749528,1
1614,164,908,29749224,1
1615,116,2634,574978133,1
1616,796,2636,295958568,1
1617,152,349,999990000,1
1618,762,61,3131956531,1
1619,772,20,6004797,1
1620,12,101,54235806,1
1621,14,2876,2520835788,1
1622,512,1313,5037078,1
1623,340,86,1450152,1
1624,12,125,46782108,1
1625,164,157,16749335,1
1626,2313,38,134000070,1
1627,762,955,723641302,2
1628,2596,1776,50071000,1
1629,141,2233,35576643,1
1630,0,118,563909,1
1631,216,241,9092187,1
1632,28,709,595210542,1
1633,2636,1313,99900000,1
1634,56,940,2274824,2
1635,12,2770,52334920740,1
1636,38,1107,10551527006,2
1637,399,2206,390908,1
1638,323,489,1368239572,2
1639,2206,44,52686238,2
1640,421,12,356990000,1
1641,12,1168,175668168,2
1642,12,26,278386562,1
1643,28,37,508911368,1
1644,12,2759,30051175524,1
1645,12,921,457838237,9
1646,164,597,16495336,1
1647,164,1058,18380308,1
1648,12,2177,52428343059,2
1649,41,82,3330093,1
1650,0,2141,1106552,1
1651,2233,12,9640537,2
1652,2,56,115935000,2
1653,38,1457,27635369154,5
1654,19,1776,28094476326,2
1655,465,360,18561959,1
1656,2373,95,13284,1
1657,2,0,2507762,1
1658,43,28,54880000,1
1659,502,2357,25886460,1
1660,14,2210,11264527799,4
1661,527,11,9990000,1
1662,93,146,421579295,2
1663,2636,118,9209055,2
1664,369,121,7753937,1
1665,59,2210,245020000,1
1666,2191,12,1273211,1
1667,12,69,176509183,1
1668,330,1984,1341669,1
1669,12,1047,43943867,1
1670,227,1281,13990000,1
1671,55,268,72630310,2
1672,105,56,21862186617,5
1673,234,61,166268543,1
1674,302,2552,2800008,1
1675,12,912,37203435,1
1676,984,2636,4714836056,22
1677,1692,0,15427550,1
1678,12,121,44829214939,22
1679,479,239,2986284,1
1680,130,113,1990000,1
1681,11,12,2321367200,2
1682,13,762,1270534610,1
1683,478,1776,1264281,1
1684,28,12,739738175,48
1685,146,38,231817953,3
1686,12,98,9696890422,2
1687,1875,944,125430,3
1688,12,0,5433885339289,4431
1689,12,1335,100650000,1
1690,105,414,1981997200,2
1691,376,2041,294446700,1
1692,164,2141,108317336,6
1693,95,18,213616362,2
1694,311,411,191475586,1
1695,1794,93,81526422,7
1696,82,56,2805362076,1
1697,323,504,2093372,1
1698,0,12,31071743,17
1699,302,218,60233770,1
1700,12,4,46782108,1
1701,817,59,258598505,1
1702,15,2184,3345662223,1
1703,28,350,10609602,1
1704,12,2252,103166655,2
1705,293,2229,5737237357,6
1706,340,2210,113138773,2
1707,12,2367,44728672,1
1708,78,1107,1995055186,1
1709,12,113,44536904,1
1710,988,478,13001279,1
1711,552,12,2428659,2
1712,108,762,262961191,1
1713,162,1440,68489575,2
1714,13,2133,2671063,1
1715,28,2474,126094109,3
1716,164,581,6970025,1
1717,225,1776,1044984,1
1718,478,20,2742581,1
1719,164,1746,18380308,1
1720,1660,90,9405201418,6
1721,302,2567,199980000,1
1722,2663,2206,103259137,3
1723,120,38,2482292471,1
1724,12,62,52393160784,2
1725,340,2141,5988428,1
1726,13,486,33149244,1
1727,116,238,354311532,1
1728,79,762,5838199,5
1729,88,762,5955286630,2
1730,12,2679,82849521,2
1731,12,44,139105181,2
1732,113,37,33159356,3
1733,0,297,1347297,2
1734,1984,0,8664226,5
1735,82,12,456810019,3
1736,441,11,14837915600,2
1737,239,867,784845817,2
1738,38,95,4019211864,1
1739,754,945,5072712,1
1740,164,2097,6970025,1
1741,984,1,36980000,1
1742,12,1003,4848445211,1
1743,12,1411,94103610,2
1744,12,389,48010000,1
1745,1457,652,2346824514,1
1746,297,56,43149674,1
1747,512,2133,1119351,1
1748,24,501,50800122,1
1749,963,762,500020000,1
1750,355,28,82991512,1
1751,28,782,46813901,1
1752,164,1776,144365906,10
1753,28,1635,573388939,1
1754,729,114,564350,3
1755,157,949,41016365,1
1756,113,118,9308759,1
1757,162,79,21626760,1
1758,72,11,30888121,1
1759,1107,984,1494236784,3
1760,79,0,142962418,12
1761,56,148,291485321,1
1762,1319,1311,4407717,2
1763,116,113,3972900660,11
1764,0,56,4592150,3
1765,86,1752,6313700,1
1766,23,12,104791761,1
1767,340,1603,4358415,1
1768,0,538,800780,1
1769,28,384,58755456,2
1770,984,105,489500002,21
1771,15,26,3402361969,1
1772,827,529,168990000,1
1773,529,420,13950000,1
1774,4,330,359557912,10
1775,478,1107,29980000,1
1776,984,227,161997130,1
1777,316,11,9990000,1
1778,60,443,19890000,1
1779,113,239,8939524,7
1780,66,22,52941497,1
1781,2206,2133,1492575,1
1782,2541,1776,5250591,1
1783,0,589,361601,2
1784,12,1919,311460118,4
1785,12,2210,1893074890835,245
1786,2206,512,14940000,1
1787,12,297,1325851082,25
1788,527,302,24808452,1
1789,12,162,1512305237,1
1790,55,1107,769512925,10
1791,56,504,47712301,1
1792,277,103,41998174,2
1793,12,2552,166665981,3
1794,150,89,10030957626,4
1795,202,11,16561100,1
1796,12,2314,1632469879,1
1797,489,28,3400106659,7
1798,0,225,11990000,1
1799,12,796,4896403077,2
1800,28,1919,14487943,1
1801,410,297,204964706,1
1802,416,2043,776801801,2
1803,984,504,3968965,1
1804,14,119,3710353032,1
1805,12,29,9759693626,3
1806,235,12,3193040,4
1807,376,323,584577,1
1808,12,2826,54053609,1
1809,1984,2625,4131106,3
1810,328,93,199990000,1
1811,444,11,11746004,1
1812,330,118,2290930,2
1813,489,44,149990000,1
1814,14,73,2520835788,1
1815,2252,1818,3990000,1
1816,512,2634,1010520,1
1817,386,1305,2939850,2
1818,497,2636,5480000,1
1819,61,1603,50158846746,2
1820,120,2636,42198972007,17
1821,146,12,2167352468,6
1822,3023,2210,2334121340,1
1823,61,138,370016827,1
1824,12,105,2670175957,3
1825,227,762,385973849,1
1826,613,75,212227280,54
1827,12,154,34849998,1
1828,150,1313,35112798754,14
1829,182,1313,9328185863,2
1830,2636,350,4202377,1
1831,2206,85,17490500,1
1832,12,129,37203435,1
1833,441,564,10015059500,1
1834,12,1398,62803204,1
1835,105,1257,990998600,1
1836,30,984,52487306,1
1837,1107,2206,14586625,3
1838,28,2926,46813901,1
1839,1457,38,23787573910,11
1840,38,30,26628374462,6
1841,53,2,16380000,1
1842,116,118,2934214650,7
1843,44,105,9980000,1
1844,18,376,22483001,1
1845,115,349,11394000,1
1846,2504,11,76342354,1
1847,603,118,1483415,1
1848,28,1906,452616479,2
1849,12,2639,48010000,1
1850,32,113,1075107,1
1851,301,283,4024982,1
1852,413,28,211941063,2
1853,216,0,291903281,25
1854,28,1158,10609602,1
1855,3091,61,98030406,1
1856,2206,1622,3990000,1
1857,340,28,402540964,1
1858,478,30,12988996,1
1859,28,1863,10609602,1
1860,113,376,287743606,2
1861,286,949,47308600,1
1862,2233,326,9198232,1
1863,162,61,124408827,2
1864,38,44,13064630284,2
1865,683,76,16052782,1
1866,12,237,32911856,1
1867,82,1603,45140000,1
1868,529,984,29817750,2
1869,105,2,20817799209,3
1870,216,32,3073343,1
1871,30,1107,2870400117,2
1872,959,2210,210766184,1
1873,188,38,81036466,1
1874,36,12,1499990000,1
1875,14,2,5033574504,2
1876,386,762,63941449,2
1877,114,2206,2559666,2
1878,12,11,93932713835,77
1879,1107,478,10580000,1
1880,2636,56,856234743,6
1881,164,261,16495336,1
1882,2948,118,19371198,2
1883,0,86,4190819,1
1884,494,330,1943795,1
1885,2636,85,11997579,1
1886,61,353,35938304230,18
1887,867,62,4390000,1
1888,60,665,18987342,1
1889,164,302,6305460,1
1890,1107,353,5000112570,1
1891,218,2210,3975030,1
1892,1107,61,77800000,1
1893,150,2990,2510837228,1
1894,251,2233,7170000,1
1895,2859,1947,12993635,1
1896,164,111,9173600,1
1897,437,273,31895529,1
1898,87,479,8957292,1
1899,227,0,4357589984,2
1900,360,504,223139845,2
1901,44,2206,7995998,1
1902,338,2304,589990000,1
1903,330,504,16979375,3
1904,984,113,29994000,1
1905,12,3076,59253612,1
1906,11,8,96822400,1
1907,86,118,12627400,2
1908,1107,20,1199990000,1
1909,2206,79,3169195,2
1910,28,743,35526118,3
1911,38,1603,22609162598,5
1912,1384,2541,58926027,1
1913,94,762,269135030,4
1914,49,75,11813694393,488
1915,239,1281,899990000,1
1916,171,95,2630150,1
1917,768,1311,3830000,1
1918,133,75,298510706,121
1919,150,12,7522627056,3
1920,51,86,418392114,1
1921,12,2304,58101572783,3
1922,2665,38,2911416208,2
1923,47,12,31701185,1
1924,1972,1920,63518000,1
1925,12,62,5198273977,7
1926,762,245,7577645,1
1927,2636,28,399982457,1
1928,164,101,6970025,1
1929,164,113,29265787,1
1930,407,11,2920953584,6
1931,12,735,4906685255,2
1932,113,28,109625000,1
1933,28,2549,32466307,1
1934,28,2329,24468820,3
1935,529,390,15950000,1
1936,113,2,253131562,14
1937,12,2474,1060580578,13
1938,451,2626,60112321,2
1939,85,28,329383,1
1940,30,2509,484440000,1
1941,14,709,3710353032,1
1942,138,2636,8250292,3
1943,105,3031,53388808,1
1944,95,988,902482,1
1945,82,512,137867778,1
1946,739,12,976089,1
1947,109,2246,537740514,1
1948,64,0,3055930,1
1949,683,592,115363441,1
1950,79,73,51190000,1
1951,64,1062,3547720,4
1952,55,2610,100738191,1
1953,4,12,9814242,2
1954,330,2,9442301,3
1955,14,312,3710353032,1
1956,68,28,314507782,1
1957,529,73,1151765,1
1958,1983,1776,16304699,1
1959,472,949,51496485,1
1960,120,2,2482292471,1
1961,113,0,22426502,2
1962,160,0,244514675,1
1963,12,189,45397945,1
1964,28,384,11941555,1
1965,12,713,116356955,2
1966,12,2373,153496153,1
1967,218,564,104001113,1
1968,2234,416,849497437,1
1969,38,152,351091623145,22
1970,441,762,6164141522,2
1971,105,176,56507406027,3
1972,327,984,13297019,2
1973,408,1119,60729643,1
1974,1457,11,3023064435,1
1975,24,185,196857548,1
1976,494,1,18007094,2
1977,28,939,11941555,1
1978,2267,762,91205692,1
1979,88,478,2977643315,1
1980,28,157,22948729,2
1981,316,1257,21854210,3
1982,105,1107,20598873815,4
1983,802,12,43076000,1
1984,0,382,329362,1
1985,308,1752,260878982,1
1986,225,2187,1040214,1
1987,12,101,48010000,1
1988,164,698,25897711,2
1989,0,2133,550818,1
1990,949,116,400000000,1
1991,432,949,55691366,1
1992,984,590,99990000,1
1993,55,2636,705167337,7
1994,2636,984,1114462426,6
1995,116,1313,396665668,1
1996,55,762,543443333,7
1997,38,984,3328946802,2
1998,512,1984,9828956,1
1999,2206,504,111870000,3
2000,164,225,25350333,2
2001,105,1752,78316203836,7
2002,12,20,49032466,1
2003,712,984,1115959,1
2004,12,2449,300447680,2
2005,75,41,1769865,1
2006,687,47,76305700,1
2007,2636,103,49984853,1
2008,0,2291,39650,1
2009,461,984,121062833,1
2010,1457,691,23643802351,1
2011,12,912,6616502,2
2012,47,1056,132079666,1
2013,28,82,11941555,1
2014,2931,478,44990000,1
2015,363,2634,87979675,1
2016,12,90,44728672,1
2017,38,323,4019211864,1
2018,12,237,80681354,1
2019,225,1457,1225756,1
2020,437,1124,127990000,1
2021,413,2313,15662867,1
2022,113,56,150075338,2
2023,28,385,8686342,1
2024,353,1603,733490000,5
2025,3082,1440,31453022,2
2026,2948,584,3479133,1
2027,262,673,8470000,1
2028,2213,762,353752167,1
2029,28,1457,633033900,2
2030,28,113,600664664,1
2031,234,2,155268543,1
2032,796,489,146986493,1
2033,12,109,100027586,3
2034,1984,113,1922618,1
2035,921,478,29980000,1
2036,85,0,4053034,1
2037,12,705,100650000,1
2038,12,709,114775902342,11
2039,56,2210,2254091763,13
2040,38,759,4580290700,3
2041,219,380,322039494,1
2042,1253,2217,28211400,1
2043,164,2308,18380308,1
2044,12,2634,11339139076,29
2045,13,118,59524544,1
2046,0,1380,5978871,1
2047,152,38,20738373816,14
2048,37,113,7352198,1
2049,12,158,4848445211,1
2050,1467,1440,62585047,4
2051,12,2638,75037342,1
2052,12,82,169809617,2
2053,116,1752,966827513,2
2054,0,420,1006922,1
2055,0,1313,24019066,7
2056,101,2206,8367662,5
2057,2948,12,13890616,1
2058,1935,109,16663759,5
2059,12,232,3349932540,2
2060,14,2272,7364321062,2
2061,12,2229,21286594498069,411
2062,2166,2,246770000,1
2063,14,3082,3710353032,1
2064,859,1,20214593,1
2065,28,1785,11941555,1
2066,28,2550,62262749,3
2067,28,2634,71833348,5
2068,12,387,44035624,1
2069,1144,11,4193195,1
2070,1692,115,181652670,2
2071,56,501,88963960,1
2072,105,504,20871188017,4
2073,28,529,8686342,1
2074,652,30,22155000,1
2075,366,283,104421862,1
2076,51,28,608898347,2
2077,28,230,8527462,1
2078,12,564,477020433338,12
2079,95,504,13166956,1
2080,2774,38,3782687565,1
2081,2795,311,212848367,2
2082,988,2206,43274411,1
2083,165,75,1214400,1
2084,414,68,2004176,1
2085,67,2206,18000000,1
2086,369,270,1875856086,2
2087,61,132,3022652212,1
2088,2625,28,13511278,2
2089,4,762,265415508,9
2090,12,626,1110000,1
2091,369,118,6339206,1
2092,44,129,38380000,2
2093,28,67,14898221,1
2094,93,833,19990000,1
2095,2891,1311,5924230,3
2096,73,306,2000169,1
2097,0,323,64229102,5
2098,74,2246,54530000,1
2099,478,2636,1950556,1
2100,55,613,100738191,1
2101,56,323,98427986,2
2102,1130,38,3438944313,1
2103,164,2191,70951093,4
2104,2206,538,55320073,1
2105,2636,2507,51019017,1
2106,502,2416,8390371,1
2107,70,739,59717,1
2108,164,1752,927378437,53
2109,164,2210,127636815,6
2110,98,529,1027878,2
2111,12,255,4848445211,1
2112,12,1360,4848445211,1
2113,28,382,1149201290,2
2114,12,2,644321118465,1573
2115,12,24,10859884745,12
2116,12,1127,52334920740,1
2117,12,2166,5375742189,6
2118,1526,2229,10001720000,1
2119,12,2824,52383953206,2
2120,12,739,2060180,1
2121,85,2233,9305965,1
2122,1083,641,4010000,1
2123,2293,2210,97312375,1
2124,12,669,4848445211,1
2125,132,334,40016909000,2
2126,315,1,80212467,1
2127,139,762,15090000,1
2128,28,921,8527462,1
2129,12,2750,32911856,1
2130,348,1917,6353181,1
2131,75,486,127068336,81
2132,150,743,2508709609,1
2133,984,713,250985030,1
2134,38,185,2183856756,1
2135,149,371,44883661,1
2136,28,2270,77017198,8
2137,461,146,199980001,1
2138,116,2325,220702928,1
2139,105,984,190446794906,14
2140,88,12,5955286630,2
2141,12,2795,52334920740,1
2142,273,762,499957601,1
2143,40,504,3769295,1
2144,12,412,52334920740,1
2145,12,270,38124184,1
2146,2834,113,1001546376,3
2147,2191,118,1030071,1
2148,38,1313,61803053450,11
2149,1298,2229,390896412,2
2150,12,215,47733652,1
2151,2636,2552,125662831,1
2152,164,30,45136698,3
2153,23,701,99690000,1
2154,739,113,3909355,2
2155,12,479,70242050,1
2156,19,70,5607317,1
2157,418,283,65690000,1
2158,984,2313,1420580,1
2159,1267,1281,2081012,1
2160,38,945,2183856756,1
2161,387,489,1995990000,1
2162,1,38,16531612,1
2163,1267,1119,68591012,1
2164,1603,199,224715306954,43
2165,61,867,2520570116,5
2166,984,762,41134821,1
2167,61,2636,795221899,4
2168,529,1107,63407361,3
2169,382,413,45390000,1
2170,15,84,3353368082,1
2171,12,2267,286677658,4
2172,529,250,75649585,1
2173,1834,2366,22708060,1
2174,2541,0,333022,1
2175,34,132,4775990000,1
2176,334,963,3399900000,1
2177,28,762,13044497494,33
2178,1303,105,17128245,1
2179,75,484,10166000,2
2180,12,1728,41014388,1
2181,2543,30,166708259,4
2182,75,12,169673507,28
2183,12,1660,366383394889,8
2184,38,850,17083842148,3
2185,12,464,41014388,1
2186,2206,665,273302322,3
2187,0,105,9508876,4
2188,93,38,6140993,1
2189,119,146,4215623955,2
2190,116,504,4921324118,12
2191,38,1269,68563781128,2
2192,1772,2636,60645420,1
2193,12,2362,5355572762,13
2194,116,2206,803426070,2
2195,1107,762,818364258,3
2196,12,2689,47684772,1
2197,12,163,43069148,1
2198,73,2133,4259035,3
2199,216,2,114740883,14
2200,12,2982,52972168,1
2201,115,486,144314000,20
2202,28,103,560559185,1
2203,12,1863,41014388,1
2204,12,903,45221406,1
2205,827,2210,16119994,1
2206,30,706,48533689,1
2207,38,94,4019211864,1
2208,590,1603,98990000,1
2209,150,30,15052632082,6
2210,5,304,518190000,1
2211,137,113,38757936,3
2212,12,2601,43943867,1
2213,923,2741,3456333,1
2214,12,940,4936279295,2
2215,12,56,21858784318,56
2216,105,564,39460476995,4
2217,2636,0,6888258383,68
2218,2541,1000,19235829,1
2219,2206,54,902897507,1
2220,28,461,1048470000,1
2221,352,2210,167769563,1
2222,478,299,1480000,1
2223,0,55,9536586,1
2224,755,24,6039917,1
2225,468,1320,5923987,1
2226,1156,86,3836154,1
2227,1257,1058,5901611,1
2228,330,0,2222497,2
2229,1107,538,1110990000,1
2230,762,89,317937372,1
2231,4,2,163578430,2
2232,38,1457,41748998009,2
2233,323,1457,16135070,1
2234,28,2267,47381596,4
2235,369,2,79241256,1
2236,2014,780,144331943,20
2237,18,447,80716212,1
2238,1457,667,1510529517,1
2239,1563,441,104661752735,3
2240,2948,58,13890616,1
2241,2636,538,25297022,1
2242,867,2246,479465564,3
2243,12,584,39650000,1
2244,12,484,4848445211,1
2245,652,1313,1193441053,1
2246,2751,12,8072432,1
2247,134,1351,12175518377,1
2248,1074,1440,259742019,3
2249,164,1052,38439387,2
2250,28,1139,9152890,1
2251,216,1776,34987134,7
2252,12,486,128415006,2
2253,12,69,47733652,1
2254,239,22,146103264,2
2255,128,712,332870000,2
2256,53,2246,895505645,5
2257,28,2206,103163318,4
2258,38,1603,73416984304,2
2259,475,105,9637305,1
2260,12,67,1792713,1
2261,351,1323,79301575,1
2262,28,114,47364528,2
2263,762,146,43050230,1
2264,60,288,49890000,1
2265,320,11,47866803,1
2266,1130,11,2128832542,2
2267,353,1281,273480563,2
2268,12,532,44035624,1
2269,762,529,853467970,3
2270,1599,1311,1220936,1
2271,55,120,100738191,1
2272,622,340,277025360,2
2273,102,12,380215690,8
2274,762,0,123692771,2
2275,323,55,29990000,1
2276,12,435,48010000,1
2277,936,12,421847672,2
2278,41,75,365926,2
2279,461,762,199966577,1
2280,1457,1107,6473378142,6
2281,30,28,1611254489,5
2282,2365,1257,277569732,3
2283,923,2636,13604456,1
2284,30,113,1024878222,2
2285,28,56,42262709,4
2286,437,980,66866124,1
2287,12,2600,4848445211,1
2288,56,478,38794321,3
2289,709,87,1070859200,1
2290,64,125,5035930,1
2291,12,2218,4848445211,1
2292,38,2372,6532315142,1
2293,299,2287,4256795,1
2294,2798,2771,4438757,1
2295,146,11,75047000,1
2296,51,322,205223134,1
2297,164,118,785046247,47
2298,376,504,2790000,1
2299,1,2541,3799990000,1
2300,120,2324,2482292471,1
2301,506,113,626078,8
2302,2636,478,118619603,5
2303,5,2206,35268653,4
2304,12,2771,4848445211,1
2305,675,375,41057367,1
2306,34,1813,5461170000,1
2307,486,56,5569693,2
2308,88,293,4321352599,2
2309,12,2291,18312923,3
2310,2186,236,3599124162,7
2311,762,376,57128943054,21
2312,73,2,4736425,3
2313,942,2,1598408,1
2314,164,896,5601598,1
2315,984,12,183140667,7
2316,257,12,515970000,2
2317,7,113,20457000,12
2318,12,2191,2363200134,47
2319,275,2210,52570000,2
2320,12,2625,5011312537,3
2321,42,0,11032719,1
2322,2636,648,18927656,1
2323,115,75,365966750,33
2324,611,1440,12562220,1
2325,225,85,111550691,1
2326,1075,2210,5239847,1
2327,116,0,5983600473,14
2328,12,359,62803204,1
2329,85,297,138534348,1
2330,827,76,14990000,1
2331,758,855,1947176626,1
2332,113,79,3930706,2
2333,350,2636,4240084,1
2334,164,19,50690429,2
2335,1,91,2185380,1
2336,2206,486,108354061,5
2337,56,225,201517769,3
2338,12,414,191220753402,15
2339,12,2536,45221406,1
2340,461,434,199985802,1
2341,105,1960,2779871577,3
2342,2580,1313,98000,1
2343,239,113,2342257,2
2344,38,1075,4019211864,1
2345,38,2636,70262452033,3
2346,323,2507,2000418,1
2347,164,297,23981906,2
2348,19,85,10577937,1
2349,12,4,2415934750,1
2350,28,14,46813901,1
2351,2636,1603,2093575260,4
2352,38,353,6532315142,1
2353,146,762,186949503,3
2354,541,86,613072,1
2355,114,729,936708,8
2356,2885,113,230000,1
2357,85,1894,4026826,1
2358,12,2047,990000,1
2359,268,984,200010196,1
2360,76,12,100000000,1
2361,932,11,27922960,1
2362,2338,12,37594631,2
2363,164,0,2278746697,148
2364,984,1083,51990000,1
2365,13,1086,37807000,1
2366,0,1984,6593637,11
2367,105,430,990998600,1
2368,318,934,19961185,1
2369,12,2610,4893843156,2
2370,506,12,81992,1
2371,12,434,102700000,2
2372,28,2636,983311145,70
2373,98,38,14587878,2
2374,12,1023,62803204,1
2375,38,353,85477657412,2
2376,512,1776,42866666,19
2377,478,2634,1563651,1
2378,0,67,73674,1
2379,984,11,5132634,1
2380,264,2769,518053134,2
2381,486,2206,524662377,7
2382,12,73,45397945,1
2383,113,56,17883204,4
2384,1107,93,299990800,1
2385,12,85,274666277690,44
2386,12,188,9696890422,2
2387,1692,1467,16125210,1
2388,12,506,356337242,2
2389,212,687,159621856,1
2390,162,2541,318733105,1
2391,28,249,47364528,2
2392,56,120,23440,1
2393,12,1578,9564393,1
2394,461,2362,199982491,1
2395,12,124,52334920740,1
2396,478,1660,20511038,1
2397,297,2636,248990000,1
2398,185,501,1174281368,4
2399,14,2636,13737311182,5
2400,1311,2891,12682135,1
2401,12,523,59734921,2
2402,216,499,2909708,1
2403,28,1119,47364528,2
2404,289,382,18983599,1
2405,38,11,39907467304,2
2406,1107,56,321969000,2
2407,28,118,833437874,55
2408,64,56,63827620,34
2409,5,12,37390000,1
2410,330,2636,7400659,3
2411,28,355,47364528,2
2412,2206,1440,2645492,1
2413,12,513,1131040419,1
2414,2636,364,2264367,1
2415,28,149,10609602,1
2416,146,280,8598694,1
2417,113,12,6288759,2
2418,113,2133,649559173,22
2419,1397,984,11246000,1
2420,455,2210,537041434,5
2421,23,1954,69792859,1
2422,73,2634,1041454,1
2423,12,946,57183365951,2
2424,61,984,147652658,1
2425,88,1660,2977643315,1
2426,1457,182,4370739215,2
2427,68,12,2713331,2
2428,19,2210,10452474969,1
2429,150,85,2500952600,1
2430,105,478,19832188315,3
2431,323,648,4237947,1
2432,207,1984,321191,1
2433,2229,1,397240639089,39
2434,232,240,372935059,1
2435,1397,1313,4059191,1
2436,482,91,98177500,1
2437,949,323,1000000000,1
2438,12,2543,9696890422,2
2439,51,56,207012974,1
2440,968,1311,34438760,1
2441,14,1457,3653968030,1
2442,14,984,2520835788,1
2443,86,762,6313700,1
2444,12,325,34007712,1
2445,790,504,5209807,1
2446,12,420,279964388,4
2447,377,177,4754971,1
2448,3084,20,4184538707,1
2449,42,323,154836702,1
2450,105,1457,1981997200,2
2451,855,11,30973676,3
2452,270,2416,14990000,1
2453,12,355,44035624,1
2454,164,501,31341157,3
2455,105,12,41578631296,6
2456,2,382,157078800,1
2457,1691,382,15980000,1
2458,693,28,164415,1
2459,120,2929,2482292471,1
2460,479,12,90991065,1
2461,162,984,54392946,1
2462,51,12,1095808994,4
2463,502,294,21321666,1
2464,56,11,448021278,2
2465,85,529,3448813,2
2466,12,2507,4896455211,2
2467,796,2,138505828,1
2468,216,56,29025370,2
2469,19,146,28034246326,2
2470,76,0,5494733,4
2471,559,762,50000000,1
2472,19,1313,17341541357,1
2473,86,340,1484309,1
2474,1935,1313,21805220,6
2475,162,2,198784766,1
2476,105,293,4704901655,5
2477,182,2,4293482689,1
2478,420,323,1166364,1
2479,216,44,2706320,1
2480,75,533,13447000,3
2481,2206,113,6865404,2
2482,113,2206,126743447,9
2483,64,120,10767650,5
2484,1677,102,21655156,1
2485,2233,1062,6093162,1
2486,12,663,4848445211,1
2487,243,2210,1674940000,1
2488,38,304,1500155182,1
2489,163,538,993156450,1
2490,330,589,1284842,1
2491,107,2245,186970000,1
2492,55,0,3495416886,50
2493,323,1107,377124786,1
2494,55,121,100738191,1
2495,12,2732,42210939,1
2496,12,60,4562160663,1
2497,2398,2636,43648133,1
2498,12,2433,130368085,3
2499,0,360,8665192,1
2500,12,890,4848445211,1
2501,27,330,50553451,1
2502,12,432,34849998,1
2503,1457,2186,449109850,1
2504,353,2229,20594664494,5
2505,1457,2289,9266336646,2
2506,73,95,1022681,1
2507,105,1313,248829420517,17
2508,469,0,2010926,1
2509,162,93,54582806,1
2510,105,2372,44358502873,9
2511,314,1089,53318000,1
2512,2433,1,51623881,1
2513,149,2636,23851747,1
2514,55,1776,100738191,1
2515,12,529,32893230084,29
2516,1,2,2034241,1
2517,28,121,798889604,2
2518,1466,376,2129796795,5
2519,115,165,29745000,7
2520,1313,11,1267563891,3
2521,28,2279,8050508,1
2522,12,1233,1675288513,2
2523,12,76,87834084,1
2524,2206,2663,52609493,1
2525,12,340,6637372446,35
2526,1304,2210,309900118,1
2527,113,504,498584898,28
2528,141,76,4379404,1
2529,1118,11,3611226,1
2530,73,56,1084992,1
2531,2246,270,18949512504,1
2532,164,1604,16996825,1
2533,105,2517,2124210,1
2534,762,489,3379127741,3
2535,529,38,11813803,1
2536,762,270,12927294524,19
2537,86,2133,18941100,3
2538,28,2210,156721300,11
2539,105,119,18835802009,1
2540,12,131,92564509,1
2541,174,12,278219007,1
2542,268,1984,2330003,2
2543,38,2,6532315142,1
2544,12,239,45221406,1
2545,164,113,24412188,1
2546,216,12,125074721,12
2547,547,427,1007978,1
2548,0,912,5262887,1
2549,12,1467,4957076731,2
2550,1313,297,1990000,1
2551,82,340,51500000,1
2552,796,489,592606611,1
2553,51,164,233122933,1
2554,416,293,127740000,1
2555,216,330,19431390,1
2556,239,1305,490000,1
2557,28,494,46813901,1
2558,28,1231,46813901,1
2559,164,1397,18380308,1
2560,55,442,100738191,1
2561,164,355,8540361,1
2562,30,73,119990000,1
2563,19,221,10788984968,1
2564,2541,323,138200022,1
2565,21,376,361073782,5
2566,38,796,72643287277,12
2567,116,2133,1440238017,5
2568,318,928,19935436,1
2569,56,391,35955898,1
2570,164,28,21448815,2
2571,340,2610,19982481,1
2572,30,225,210232667,3
2573,21,113,43330169,2
2574,323,302,3275673,1
2575,505,11,8237500,1
2576,12,1086,62803204,1
2577,164,2,2987615423,182
2578,199,1107,24801307830,2
2579,461,1083,6954882,1
2580,28,2628,46813901,1
2581,538,1107,247961948,1
2582,38,3064,6532315142,1
2583,1107,38,24124697274,15
2584,12,635,54235806,1
2585,12,457,80681354,1
2586,88,56,2977643315,1
2587,12,2233,2005827,1
2588,1457,489,4886039893,3
2589,984,414,59990000,1
2590,28,207,46813901,1
2591,56,1440,249118235,1
2592,1201,353,187864444042,2
2593,164,154,26354708,1
2594,512,118,1150002,1
2595,121,1074,560279248,1
2596,38,175,6532315142,1
2597,164,1065,58105792,2
2598,28,2210,5369354908,11
2599,12,548,71908568,1
2600,93,12,725217635,13
2601,1457,1281,4999988650,1
2602,1313,1776,19190001,1
2603,12,1297,35827956,1
2604,762,91,14432515,1
2605,2636,323,171705501,2
2606,334,61,23599900000,1
2607,52,21,45308032,1
2608,650,12,6953591,2
2609,1839,224,7208921,1
2610,1076,318,330811556,2
2611,227,146,4352424689,1
2612,55,260,19876189,1
2613,2879,1313,85000,1
2614,61,1281,1515229917,1
2615,856,0,488256,2
2616,454,79,9480000,1
2617,119,74,1000000000,1
2618,297,11,10933691,2
2619,93,2233,3523123,1
2620,146,552,2868045,2
2621,12,867,1004060384482,21
2622,652,762,1193441053,1
2623,1139,118,1212209,1
2624,146,390,9403065,1
2625,164,67,18380308,1
2626,598,12,229488391,1
2627,20,1107,52185325760,3
2628,1313,422,1001990000,1
2629,28,2563,8686342,1
2630,150,945,5011789828,2
2631,1102,11,13226439,1
2632,40,373,3769295,1
2633,0,0,14650528,1
2634,260,1116,9062645,15
2635,0,2210,5657197,2
2636,28,2449,11941555,1
2637,12,2512,52334920740,1
2638,12,311,32392723,1
2639,105,171,18835802009,1
2640,245,12,885734554,5
2641,12,905,38079350,1
2642,2329,71,1180860,1
2643,12,304,68113108044,18
2644,88,95,2977643315,1
2645,150,595,2510458189,1
2646,323,218,20284932,1
2647,1465,360,211330000,1
2648,0,2313,652101,2
2649,504,36,3000000000,2
2650,28,2313,48587477,3
2651,119,0,10634000,30
2652,2636,61,351920603,2
2653,105,2610,990998600,1
2654,1592,113,690000,1
2655,988,12,212168504,2
2656,12,213,3652566,1
2657,73,478,2719129,2
2658,162,113,469028635,2
2659,273,38,1002785209,2
2660,2166,2636,107970000,1
2661,61,1107,20933810843,3
2662,2866,75,2247000,1
2663,56,12,1515263,1
2664,88,3015,2977643315,1
2665,2636,2206,2385006,1
2666,28,758,202070319,1
2667,150,762,5020916378,2
2668,340,0,3785364,1
2669,12,767,49032466,1
2670,1935,2,8208826,2
2671,28,342,10609602,1
2672,12,2129,166911502702,8
2673,1119,334,20104736444,3
2674,28,584,46813901,1
2675,29,146,120610000,1
2676,56,31,38885371,1
2677,1076,24,10957630,1
2678,113,1752,459871124,26
2679,113,85,121639776,4
2680,116,109,264158106,1
2681,12,1158,54235806,1
2682,164,189,40907524,2
2683,18,389,64386212,1
2684,86,1776,6313700,1
2685,164,2603,6970025,1
2686,12,820,43943867,1
2687,311,93,44574595,1
2688,1019,118,197757,1
2689,120,12,22340632239,9
2690,617,113,72310400,1
2691,28,564,46813901,1
2692,109,2626,647054514,1
2693,216,2233,3046551,1
2694,589,0,100000,1
2695,478,1752,26797296,1
2696,1034,1111,3189564,1
2697,130,28,128963973,1
2698,76,2233,2190000,1
2699,762,13,195054906,1
2700,312,469,826950000,1
2701,2504,2636,6581813,2
2702,471,579,198284665,1
2703,85,2606,26293869,1
2704,113,225,3990000,1
2705,38,268,224528606988,19
2706,502,193,99690019,1
2707,2206,124,99990000,1
2708,66,56,1968000,2
2709,1692,1156,15568390,1
2710,12,479,41457504,1
2711,984,538,150014301,1
2712,102,376,121267819,3
2713,56,316,89970000,1
2714,585,38,3896655058,2
2715,12,1604,37203435,1
2716,191,2298,354284300,1
2717,156,2206,29999,1
2718,12,836,93564216,2
2719,370,2507,21534765,1
2720,591,508,87447407,1
2721,1311,13,12682135,1
2722,150,940,2510837228,1
2723,1108,1457,100050458,1
2724,502,162,51396110,1
2725,817,323,181593013,2
2726,304,11,47368902,2
2727,340,622,191000010,1
2728,373,28,771682,1
2729,502,2403,43844464,1
2730,105,330,37671604018,2
2731,105,515,18835802009,1
2732,461,617,3072925,1
2733,133,11,6598952,1
2734,12,350,199869553,4
2735,2507,124,2501996,1
2736,2152,762,1369301885,2
2737,225,984,20223037,3
2738,12,1491,4848445211,1
2739,102,547,11490000,1
2740,12,124,41014388,1
2741,489,56,264952000,1
2742,2141,36,1500000000,1
2743,311,370,1562145270,21
2744,2636,1183,63736220,2
2745,102,7,10480000,1
2746,461,28,1684664992,12
2747,75,705,1570000,1
2748,150,665,5019167798,2
2749,713,478,4468931,1
2750,227,2636,4352424689,1
2751,663,1107,102068711,1
2752,478,56,5498760,1
2753,146,141,1126774,1
2754,529,227,22010000,1
2755,478,2229,1058980000,1
2756,28,416,7769997,1
2757,1457,12,11464953952,2
2758,113,486,8990000,1
2759,364,360,21406987,1
2760,12,1062,44536904,1
2761,1457,0,13730159,1
2762,1882,11,49658988,1
2763,12,691,197772757,3
2764,34,61,8433370000,3
2765,486,2636,1974804,1
2766,19,146,271975000,1
2767,2133,36,1500000000,1
2768,164,1305,125866386,6
2769,164,2329,29749224,1
2770,1,66,16699990000,1
2771,75,165,4690000,1
2772,164,1313,445105728,28
2773,12,2215,1019200,1
2774,12,259,52334920740,1
2775,953,1083,4181789,1
2776,575,0,4019597,1
2777,564,302,499980000,1
2778,198,762,228225879,1
2779,164,921,29265787,1
2780,2166,2552,1423389,1
2781,12,692,93422319,1
2782,940,944,40000,1
2783,38,56,4019211864,1
2784,12,70,54115900,1
2785,2948,1752,3479133,1
2786,113,512,312293683,12
2787,12,30,374195683018,85
2788,12,2906,53417000,1
2789,12,1762,52334920740,1
2790,28,79,450033815,1
2791,1083,925,40865015,2
2792,13,217,34453244,1
2793,164,3076,29265787,1
2794,231,12,342914988,1
2795,762,93,750404045,6
2796,12,1058,53195155132,18
2797,12,1119,471014286660,9
2798,855,302,32957800,2
2799,1984,2133,1011323,1
2800,11,430,134206300,1
2801,141,12,33566643,1
2802,116,330,1237543176,3
2803,1400,12,5036535,3
2804,391,1752,210967000,1
2805,12,342,44728672,1
2806,48,53,4061252321,1
2807,12,14,1828505,1
2808,3015,762,37345558,1
2809,146,93,456996533,8
2810,28,504,892647629,63
2811,1107,105,8365551,1
2812,370,323,12432116,1
2813,984,0,12158200,3
2814,942,2726,2310958,2
2815,28,139,10609602,1
2816,28,2541,213604905,12
2817,1107,12,9555268591,7
2818,14,1267,2520835788,1
2819,2948,323,13890616,1
2820,56,1984,1240000,1
2821,538,2210,80992484,1
2822,85,2187,6722683,1
2823,12,243,153496153,1
2824,304,213,6424497,2
2825,771,53,2262272,1
2826,116,95,1386753460,4
2827,2636,7,38412889,3
2828,12,76,260373085,4
2829,88,2,5955286630,2
2830,88,2798,2977643315,1
2831,56,330,16783707,1
2832,12,2133,52065613310,270
2833,12,427,42210939,1
2834,1984,2,26013903,16
2835,430,949,144674623,3
2836,12,2027,275677218,6
2837,111,2210,427551399,1
2838,28,896,46813901,1
2839,1313,2291,10133232,4
2840,146,1083,38468022,4
2841,28,1130,10609602,1
2842,14,85,2520835788,1
2843,216,1061,11951594,1
2844,323,86,5919762,2
2845,529,1603,53374336,2
2846,28,24,14487943,1
2847,105,2497,990998600,1
2848,792,484,39890000,1
2849,992,2,13729328,1
2850,55,1475,100738191,1
2851,12,2745,47684772,1
2852,146,2596,51020674,1
2853,0,28,6419792,4
2854,28,124,230996043,1
2855,105,1024,18835802009,1
2856,28,95,701519857,29
2857,164,3085,29749224,1
2858,13,2,2963063,1
2859,693,102,321297554,1
2860,12,13,91510780,2
2861,12,511,76842344,2
2862,268,0,78914135,1
2863,2636,638,3000548,1
2864,330,2206,3115088,2
2865,762,1457,1014205903,2
2866,14,323,2520835788,1
2867,827,343,38890000,1
2868,61,2210,1731013518,2
2869,14,860,3710353032,1
2870,461,2206,199982413,1
2871,12,361,249092972,5
2872,75,133,275747771,122
2873,199,2550,259322720,1
2874,1107,983,9488100,1
2875,0,2349,13965,1
2876,441,297,6268960100,1
2877,105,2805,5559743154,6
2878,450,333,22206667,1
2879,113,95,31692525,5
2880,12,1818,5146327,1
2881,61,11,212642808,1
2882,353,1201,222886485585,13
2883,1457,796,844541200,1
2884,45,11,45590000,1
2885,116,575,736245591,2
2886,1313,984,90792376,5
2887,28,1305,121142977,9
2888,0,1083,10524899,2
2889,12,200,5112479592,6
2890,1462,360,17740000,1
2891,56,1457,1804043300,1
2892,23,771,74016787,1
2893,867,61,12425129764,6
2894,1019,2636,536757,1
2895,984,327,129448641,6
2896,86,12,12627400,2
2897,105,55,99545628976,11
2898,186,2851,216278655,1
2899,349,75,1079367322,47
2900,150,360,10030957626,4
2901,762,12,41891962478,6
2902,154,984,3895390,1
2903,380,239,69990000,1
2904,1748,11,4199694,1
2905,14,316,3710353032,1
2906,564,2229,6389809991,7
2907,334,1119,999900000,1
2908,163,2206,58497547,1
2909,564,1281,558892750,1
2910,1130,2229,1725573515,1
2911,146,127,41009152,1
2912,55,2210,402952764,4
2913,12,351,52334920740,1
2914,28,2726,46813901,1
2915,162,2210,114887624,1
2916,762,489,35570490,1
2917,129,2210,10363874,1
2918,762,239,4394657499,7
2919,212,1107,2511270691,1
2920,2793,2229,89762227,1
2921,984,1457,208444749,1
2922,2289,30,1591050981,1
2923,28,708,75441205,1
2924,512,323,1033587,1
2925,2990,3058,6566497116,1
2926,88,984,5955286630,2
2927,510,182,79623685,1
2928,116,340,337178418,1
2929,12,2421,4848445211,1
2930,12,1263,89878746,2
2931,38,24,20957694622,1
2932,164,1606,18380308,1
2933,1313,105,37006505,4
2934,223,375,319940000,3
2935,0,2,3709989,5
2936,12,116,466915346,7
2937,414,762,171317317,1
2938,1457,461,5812051054,1
2939,28,93,487660501,1
2940,984,28,61468725,1
2941,515,2636,3090000,1
2942,21,2206,17700646,1
2943,105,2133,56507406027,3
2944,978,302,66075434,1
2945,105,2520,18835802009,1
2946,223,817,15030000,1
2947,478,2372,16361624,1
2948,762,1053,2967620485,1
2949,28,2206,1928244167,4
2950,53,512,14890000,1
2951,112,11,7930039,1
2952,59,2210,405228379,1
2953,0,2206,4767662,6
2954,56,1628,29388708,7
2955,2245,2210,241931632,1
2956,28,430,32466307,1
2957,360,95,2052000032,2
2958,12,286,54053609,1
2959,86,504,12627400,2
2960,19,1467,108548770646,7
2961,40,2133,2650350,1
2962,984,225,74932204,1
2963,28,479,10270910,1
2964,12,613,4886524561,2
2965,146,1440,15049493148,8
2966,66,75,7002000,9
2967,56,382,291485321,1
2968,538,2632,667319583,2
2969,85,1107,60481458,1
2970,28,1052,46813901,1
2971,3058,2824,6799990000,1
2972,12,981,41457504,1
2973,575,1776,1937969,1
2974,38,958,32440836670,1
2975,36,339,28001403421,1
2976,279,118,34777463,1
2977,444,1642,11800040,1
2978,27,0,101106902,2
2979,479,638,8471562,2
2980,265,2206,99990000,1
2981,85,473,13496121,1
2982,12,1490,58561826,1
2983,376,762,142631076,10
2984,23,1053,25627024,1
2985,762,28,25800490056,23
2986,2963,227,89238195,3
2987,457,28,5065808,1
2988,28,501,92555542,7
2989,110,820,66093696,1
2990,225,0,168718,1
2991,2206,988,75218000,1
2992,162,302,17105071,1
2993,12,21,48010000,1
2994,22,1416,1229500000,4
2995,984,1603,350819562,5
2996,91,2206,8215173,1
2997,164,504,833284889,50
2998,28,323,17203398,2
2999,88,0,107195159340,36
3000,12,698,225314837,8
3001,146,113,69980000,1
3002,2534,1107,72731209262,2
3003,38,38,19596945426,3
3004,82,146,22299603,1
3005,762,121,33837208,1
3006,152,146,95046472,1
3007,38,2550,4019211864,1
3008,1,2210,33923310000,3
3009,984,118,9690000,1
3010,28,2541,559172445,1
3011,1313,1397,5781999,1
3012,0,375,12123883,1
3013,16,12,1109917,1
3014,38,2187,8663701980,1
3015,56,102,149990000,1
3016,105,2229,94307914851,25
3017,12,1776,1055264608119,577
3018,12,1397,57252790910,81
3019,1770,2416,22162452,1
3020,613,380,86095455,1
3021,113,137,58823776,2
3022,990,121,93700360,1
3023,1,0,22363093,5
3024,12,154,49854919,1
3025,12,413,498684867,1
3026,12,1105,52334920740,1
3027,2955,28,198222,1
3028,86,478,3944627,1
3029,12,1096,41457504,1
3030,1,859,21327737,1
3031,48,1984,2281221,1
3032,164,2885,8540361,1
3033,23,2312,53242537,1
3034,590,984,51700414,1
3035,105,0,601847750955,92
3036,20,2534,11930600979,1
3037,193,552,195133675,2
3038,216,2131,3094593,1
3039,1313,1621,35114195,1
3040,13,2891,48034544,1
3041,86,1604,6313700,1
3042,739,118,7143651,1
3043,56,984,6887223799,16
3044,2014,12,2204000,1
3045,12,442,14545335633,3
3046,164,2625,18380308,1
3047,12,519,42316889,1
3048,28,942,93627802,2
3049,753,2057,199074257,1
3050,0,93,189236,1
3051,4,0,424434234,10
3052,12,932,7412911,1
3053,1090,333,82508000,1
3054,28,3017,14898221,1
3055,188,95,565431450,2
3056,297,2210,74888938,2
3057,12,121,293934412,1
3058,28,2601,79280208,2
3059,113,575,141270804,7
3060,239,61,990778799,3
3061,323,102,39890492,2
3062,1,113,1226989,1
3063,435,984,317321,1
3064,109,122,304467076,1
3065,14,0,108491348218,38
3066,984,79,9990000,1
3067,164,1541,24412188,1
3068,12,162,52376233948,2
3069,14,867,2520835788,1
3070,12,97,52334920740,1
3071,116,512,1397433226,4
3072,2323,1,3701000007,2
3073,486,113,4689516,1
3074,12,1313,2391846708887,733
3075,497,529,4928819,1
3076,162,306,86405181,1
3077,146,4,10981078,1
3078,416,2548,684185466,1
3079,113,1156,8101635,1
3080,512,79,1083420,1
3081,386,1945,129990000,1
3082,340,95,68394857,2
3083,12,1984,93422319,1
3084,478,1313,9398719,1
3085,28,2410,19423800,2
3086,164,2027,8900886,1
3087,13,1313,33793244,1
3088,12,1305,872244363,17
3089,12,302,10860529636,28
3090,2206,2636,23990632,1
3091,51,481,611273878,2
3092,269,12,620000,1
3093,164,2541,53677975,2
3094,164,95,371846211,21
3095,977,1691,71990000,1
3096,12,103,51622748,1
3097,745,302,189865900,1
3098,1919,0,1064296,1
3099,28,1752,1231442274,63
3100,28,2871,2421217582,8
3101,12,399,147087696,2
3102,827,0,128528856,1
3103,116,1776,1246273587,4
3104,215,28,322093100,2
3105,212,225,64064771,1
3106,164,2270,40952420,3
3107,150,467,5019167798,2
3108,93,529,121315777,1
3109,61,12,2723991567,1
3110,984,293,31990000,1
3111,12,2692,50058682,1
3112,833,420,24530000,1
3113,1105,762,39513952,1
3114,416,421,805369937,1
3115,4,89,38531241963,1
3116,139,0,5990000,1
3117,2824,2229,3812450465,1
3118,56,227,53545860,1
3119,577,1,29990000,1
3120,12,2549,64749528,1
3121,86,850,6313700,1
3122,11,803,97957300,1
3123,1313,1107,8906883,2
3124,18,387,45787898,1
3125,28,665,10270910,1
3126,115,2206,42870000,1
3127,1179,498,124738960,1
3128,231,11,11745305,1
3129,105,2399,990998600,1
3130,12,250,42497498,1
3131,164,101,6970025,1
3132,1776,162,8734052913,46
3133,1058,86,9970000,1
3134,450,850,13174220000,1
3135,164,73,473480145,26
3136,120,984,2482292471,1
3137,750,302,5490000,1
3138,295,1083,1528026,1
3139,1313,478,26798645,3
3140,202,93,1380000,1
3141,478,105,12536445,3
3142,414,1107,188249654,1
3143,164,512,411367287,21
3144,1083,0,2001754,1
3145,449,762,527955600,4
3146,12,782,17243582,4
3147,377,2636,299980000,1
3148,2636,1457,24984853,1
3149,1107,323,4977990000,1
3150,1190,3052,79575541,1
3151,116,2141,212523934,1
3152,762,1642,316560490,2
3153,116,486,370633755,1
3154,12,3094,54053609,1
3155,14,360,19795902,1
3156,460,38,25800000,1
3157,617,12,63250825,1
3158,105,1776,60335243326,7
3159,12,2636,604415987633,428
3160,12,1603,26486318339651,507
3161,46,283,354477938,1
3162,92,0,47670617,1
3163,105,513,19690643508,2
3164,323,529,48377659,1
3165,1,321,3043997,1
3166,330,1776,6720580,5
3167,229,762,3676700480,1
3168,1457,2636,3110777300,2
3169,461,2636,459339737,1
3170,150,850,2510458189,1
3171,88,44,2977643315,1
3172,1935,304,4750522,1
3173,860,111,24990000,1
3174,86,56,6313700,1
3175,564,11,36743978,1
3176,64,145,5739860,2
3177,1313,414,999990000,1
3178,538,2245,5990131,1
3179,12,918,52334920740,1
3180,2206,306,8807385,4
3181,12,827,6602280857,2
3182,12,298,99650000,1
3183,56,575,18251540,2
3184,675,501,1999989956,1
3185,149,209,545110338,1
3186,28,0,1320089868,3
3187,1,61,56999950000,5
3188,28,2603,46813901,1
3189,461,79,31620894,1
3190,164,2267,16996825,1
3191,19,984,10097754969,1
3192,113,73,59048237,1
3193,782,12,8351162,1
3194,56,1281,18102210,2
3195,12,984,91788466708,161
3196,105,1603,281499884,1
3197,115,2866,8086000,1
3198,28,268,226460003,20
3199,38,310,159974136582,12
3200,2636,921,11000017,1
3201,2346,470,3961000,1
3202,38,2041,35280703037,2
3203,11,745,161349000,1
3204,203,11,210435180,1
3205,0,427,6040818,1
3206,1083,297,153030460,3
3207,146,239,1128288,1
3208,13,0,69054920,3
3209,762,218,2967620485,1
3210,55,429,100738191,1
3211,12,362,41014388,1
3212,12,591,54053609,1
3213,54,2206,4202253144,5
3214,37,1919,15570173,1
3215,2166,501,2970000,1
3216,15,762,68930000,1
3217,28,1285,10270910,1
3218,150,2845,5011410789,2
3219,53,107,363870000,1
3220,162,12,14366617,1
3221,53,360,18415633,1
3222,437,1000,67036124,1
3223,1,1107,518991388,1
3224,0,291,200779,1
3225,75,2866,5190000,1
3226,218,12,34227702,3
3227,60,12,4610754691,1
3228,12,2301,153496153,1
3229,6,547,12060000,1
3230,14,12,6174803818,2
3231,116,2,1821037543,5
3232,65,12,70786000,1
3233,12,2190,52334920740,1
3234,827,38,5685956,1
3235,638,2206,13990000,1
3236,581,2,410000,1
3237,2636,504,74709697,1
3238,380,142,4810000,1
3239,105,529,18835802009,1
3240,95,1440,7890000,1
3241,12,50,38455181,1
3242,38,374,6532315142,1
3243,705,75,1550974,1
3244,2636,665,56282846,1
3245,1412,2210,96400000,1
3246,394,11,12598537,1
3247,762,677,30256500266,1
3248,12,2726,35827956,1
3249,113,1984,19990000,1
3250,1290,3095,299990000,1
3251,1313,118,78410897,3
3252,1313,0,18145461,3
3253,38,12,49157879754,7
3254,2625,0,1625619,1
3255,13,1319,52474544,1
3256,28,324,10609602,1
3257,12,295,48010000,1
3258,323,38,136860940,1
3259,12,225,8731384115,55
3260,675,38,2299980090,2
3261,762,2187,714429902,1
3262,61,1660,11745357,2
3263,375,2210,6500000000,1
3264,0,340,5029167,2
3265,75,698,55443323,43
3266,12,2500,13372375,1
3267,116,73,208947114,1
3268,2206,95,79990000,1
3269,30,1313,158521221,1
3270,2367,2210,6050000,1
3271,514,1305,37713,1
3272,183,224,25029853,1
3273,1935,512,2828324,1
3274,124,2507,78655743,2
3275,55,146,100738191,1
3276,30,2041,70331739,1
3277,85,2206,27215922,3
3278,95,2041,250103695,1
3279,113,1776,128776471,12
3280,38,2541,4019211864,1
3281,12,92,49032466,1
3282,1313,182,1308276844,1
3283,12,94,52427485249,2
3284,105,712,18835802009,1
3285,1053,361,2539016,1
3286,1180,382,15980000,1
3287,984,2229,243637616,2
3288,183,446,32619593,1
3289,4,0,38531241963,1
3290,164,829,5601598,1
3291,441,38,24583902622,3
3292,391,2041,100000000,1
3293,38,186,1510234216,1
3294,14,414,7364321062,2
3295,461,165,199980089,1
3296,38,1960,4019211864,1
3297,19,1440,10791554968,1
3298,512,113,8241783,4
3299,113,2834,358520892,1
3300,103,12,3363339,1
3301,1984,504,1175579,1
3302,41,75,2855593,1
3303,113,2634,98874103,4
3304,522,283,11927922,1
3305,323,85,3690000,1
3306,105,2543,20624674986,3
3307,2206,399,4690000,1
3308,12,762,260037452883,137
3309,318,12,8761031,1
3310,28,2433,61301844,2
3311,85,2070,14335706,1
3312,1,2094,3150125,1
3313,452,820,9285778,1
3314,302,0,202000096,2
3315,382,652,245885868,1
3316,1257,2636,5908218,1
3317,164,12,281866909,16
3318,1150,762,79155026,1
3319,2206,238,42552836,1
3320,12,886,43069148,1
3321,1984,268,1090000,1
3322,12,373,38079350,1
3323,81,12,69661249,1
3324,1139,1311,3500005,1
3325,14,105,5025371084,2
3326,321,113,7935,1
3327,6,332,127617621,2
3328,319,2636,120863953,1
3329,2724,323,50751276,1
3330,1,2372,399990000,1
3331,1,2550,41299960000,4
3332,11,0,403228900,3
3333,103,175,3562465,1
3334,19,2759,21144909937,2
3335,30,38,2841056117,2
3336,146,2304,3184029,1
3337,105,2986,37671604018,2
3338,1466,2,360279500,2
3339,225,2636,10281106,2
3340,1083,85,8805240,2
3341,28,2362,1849948045,5
3342,1313,504,21511889,1
3343,227,323,385973849,1
3344,115,1692,42612855,2
3345,460,1984,329608,2
3346,93,2,52325777,1
3347,56,12,38763532,1
3348,93,762,48637526,3
3349,12,159,58561826,1
3350,82,479,39919603,1
3351,14,1313,18619511017,6
3352,867,353,800000000,1
3353,1,56,2412000,1
3354,944,56,501720,1
3355,2140,121,3956000,1
3356,1156,2291,502839,1
3357,12,37,19940875860,13
3358,12,1239,32911856,1
3359,56,2550,41949672,1
3360,88,1313,14888216575,5
3361,441,675,4053623011,1
3362,2,1635,313687100,1
3363,28,829,9152890,1
3364,12,2527,5053479636,2
3365,372,95,66567,1
3366,73,12,3102727,3
3367,141,93,39596643,1
3368,513,2210,1031513219,1
3369,484,1107,7215996,1
3370,512,478,1015261,1
3371,410,21,520999000,2
3372,796,2313,10192248,1
3373,376,11,12339500,1
3374,323,2550,29992536,1
3375,12,575,262566775,6
3376,79,2133,1070366,1
3377,40,2,7538590,2
3378,299,12,4256795,1
3379,3034,61,10078112,1
3380,238,2206,38984000,1
3381,12,2834,51350000,1
3382,762,154,107751110,1
3383,55,1397,201476382,2
3384,1313,61,67270000,1
3385,2545,340,1500953,1
3386,56,113,15405552,2
3387,512,2206,3410237,2
3388,274,11,199990000,1
3389,328,20,599980000,2
3390,12,1752,107955751975,278
3391,7,1313,6495479,1
3392,11,114,118623000,1
3393,116,93,599119835,1
3394,762,230,714429902,1
3395,12,418,9696890422,2
3396,76,2636,17392966,8
3397,330,782,2243352,2
3398,512,2636,1010776,1
3399,280,2047,17249000,1
3400,73,1984,2190611,2
3401,103,952,5974540,1
3402,95,118,204509137,1
